id,cliente,data_venda,email,gender,produto,qtd_vendida,valor,cidade
1,Oliver Battlestone,01.01.2023,obattlestone0@newyorker.com,Male,Beef - Top Sirloin - Aaa,72,70.46,Nancy
2,Jenny Chesterman,17.03.2023,jchesterman1@soup.io,Female,Bread - Assorted Rolls,33,54.51,San Buenaventura
3,Conrad Cone,02.04.2023,ccone2@yahoo.co.jp,Male,Tea - Jasmin Green,71,17.31,Primero de Mayo
4,Richmond Gaven,02.06.2023,rgaven3@nature.com,Male,Chocolate - Feathers,27,62.92,Retorta
5,Elston Micheu,15.11.2022,emicheu4@pcworld.com,Male,Wasabi Paste,52,99.07,Luziânia
6,Tyson Sandford,21.08.2023,tsandford5@earthlink.net,Male,"Shrimp - 16/20, Iqf, Shell On",56,76.26,Hankha
7,Linoel Smees,11.06.2023,lsmees6@etsy.com,Non-binary,Longos - Chicken Caeser Salad,28,21.59,Kuantan
8,Stefanie Denington,15.12.2022,sdenington7@biglobe.ne.jp,Female,"Veal - Chops, Split, Frenched",100,69.58,Pandasan
9,Lauritz Peinton,03.01.2023,lpeinton8@huffingtonpost.com,Male,Wine - Saint Emilion Calvet,89,46.15,Kỳ Anh
10,Kennith Strettle,23.05.2023,kstrettle9@infoseek.co.jp,Male,Wonton Wrappers,11,93.96,Mólos
11,Pepe Adamec,11.09.2023,padameca@indiegogo.com,Agender,Temperature Recording Station,94,74.14,Dinalongan
12,Loy Patrono,17.07.2023,lpatronob@samsung.com,Male,Ham - Virginia,53,54.44,Sanzao
13,Annabel Gilogly,18.12.2022,agiloglyc@craigslist.org,Female,Bar Bran Honey Nut,59,4.5,Tayāsīr
14,Udell Highway,17.02.2023,uhighwayd@npr.org,Male,Knife Plastic - White,87,94.56,Alarobia
15,Iver Cawston,15.01.2023,icawstone@twitter.com,Male,Pasta - Agnolotti - Butternut,43,83.66,Ryōtsu-minato
16,Elfrida Botfield,13.02.2023,ebotfieldf@jugem.jp,Female,Clams - Canned,97,53.73,San Jose
17,Domenic Flament,24.10.2023,dflamentg@hc360.com,Male,Muffin Mix - Lemon Cranberry,2,98.3,Huangtugang
18,Adolphus Galbreth,24.06.2023,agalbrethh@dmoz.org,Male,"Beef - Rib Roast, Capless",33,99.19,Hongsipu
19,Ignacio Muffett,15.01.2023,imuffetti@webs.com,Male,"Wine - Niagara,vqa Reisling",59,26.1,Buenavista
20,Ward Delicate,18.12.2022,wdelicatej@bloglovin.com,Male,Vinegar - White Wine,66,39.99,Mori
21,Lorelle Haliburn,23.10.2023,lhaliburnk@reddit.com,Female,Cheese - Swiss,54,46.04,Bergen
22,Eberhard Sute,11.02.2023,esutel@discuz.net,Male,Shrimp - Black Tiger 16/20,14,69.27,Kiel
23,Dodi Fitchew,17.01.2023,dfitchewm@shareasale.com,Female,"Potatoes - Instant, Mashed",54,68.34,Ropcha
24,Inessa Turri,09.03.2023,iturrin@goo.ne.jp,Female,Potatoes - Yukon Gold 5 Oz,100,89.8,Niš
25,Russell Allcorn,02.04.2023,rallcorno@pbs.org,Male,Milk - Skim,62,63.74,Pahonjean
26,Nikaniki Woolvin,07.02.2023,nwoolvinp@163.com,Female,"Liners - Banana, Paper",3,24.17,Ytterby
27,Gwenora Wattam,30.07.2023,gwattamq@businessweek.com,Female,Cheese - Sheep Milk,8,87.03,Huanggexi
28,Lance Bouch,20.09.2023,lbouchr@google.pl,Male,Cheese - La Sauvagine,80,24.3,Güiria
29,Corney Fowlestone,14.05.2023,cfowlestones@webmd.com,Genderqueer,Mousse - Mango,35,97.85,Majiadu
30,Conan Mazin,23.06.2023,cmazint@ibm.com,Male,Beef - Shank,52,93.46,Daming
31,Rockwell Stairmond,13.04.2023,rstairmondu@tinypic.com,Male,"Mop Head - Cotton, 24 Oz",13,76.62,Zvenigorod
32,Stanislaw Rampling,22.06.2023,sramplingv@paypal.com,Male,Rabbit - Frozen,95,4.83,Gaoleshan
33,Darill Male,10.12.2022,dmalew@ted.com,Male,Hipnotiq Liquor,46,90.65,Xinghai
34,Alexine Shemmin,22.07.2023,ashemminx@t.co,Female,"Halibut - Whole, Fresh",36,98.69,Stepove
35,Loydie Argente,07.11.2022,largentey@businessinsider.com,Male,Longos - Lasagna Veg,22,98.97,Berlin
36,Candie Schaumann,10.07.2023,cschaumannz@merriam-webster.com,Female,Mustard - Seed,96,45.74,Krasnaya Polyana
37,Heloise Gillopp,20.01.2023,hgillopp10@ox.ac.uk,Female,Dried Peach,49,31.54,Tadianjie
38,Emmalynne Dreger,28.01.2023,edreger11@squarespace.com,Female,"Club Soda - Schweppes, 355 Ml",40,68.14,Pandean
39,Haily Challiss,08.01.2023,hchalliss12@house.gov,Polygender,"Cheese - Brie, Triple Creme",36,38.45,Paraguaçu
40,Haydon Buckleigh,14.06.2023,hbuckleigh13@alexa.com,Genderfluid,Tomato - Tricolor Cherry,65,20.19,Wang Noi
41,Eugenio Clements,20.04.2023,eclements14@telegraph.co.uk,Male,Longos - Greek Salad,23,18.07,Christiana
42,Carola Fenny,11.06.2023,cfenny15@psu.edu,Female,"Wine - Sherry Dry Sack, William",99,21.86,Sukhinichi
43,Coraline des Remedios,21.03.2023,cdes16@eepurl.com,Female,Ham - Proscuitto,83,10.02,Khūgyāṉī
44,Aldis Anstead,22.08.2023,aanstead17@blog.com,Male,"Beans - Kidney, Canned",68,2.06,Pasiragung
45,Porter Fenby,24.04.2023,pfenby18@webs.com,Male,Dikon,7,37.23,Maizuru
46,Carma Starkey,05.10.2023,cstarkey19@netscape.com,Female,Quail - Jumbo,20,90.69,Pasirnangka
47,Sherrie Maun,18.12.2022,smaun1a@google.com.hk,Genderfluid,Lamb Leg - Bone - In Nz,51,48.95,Youzha
48,Bendix Mabbett,14.03.2023,bmabbett1b@seesaa.net,Male,Propel Sport Drink,44,90.71,Baleagung
49,Damiano Godspede,11.07.2023,dgodspede1c@sourceforge.net,Genderqueer,Truffle - Whole Black Peeled,64,9.0,San Antonio
50,Gerardo Linfield,12.10.2023,glinfield1d@sohu.com,Male,Shrimp - Black Tiger 8 - 12,14,26.47,Ikoma
51,Valry Werner,25.03.2023,vwerner1e@dedecms.com,Female,Barramundi,35,30.74,Guingamp
52,Farly Van Zon,17.02.2023,fvan1f@merriam-webster.com,Male,Buffalo - Tenderloin,7,82.59,Karangcombong
53,Ingemar Tison,29.06.2023,itison1g@elegantthemes.com,Male,Shichimi Togarashi Peppeers,90,97.86,Hewa
54,Berti Danilewicz,15.09.2023,bdanilewicz1h@storify.com,Female,Tart - Lemon,82,3.71,Winschoten
55,Othilie Rawsthorne,30.10.2023,orawsthorne1i@about.com,Female,Pastry - French Mini Assorted,67,51.96,Shazhuang
56,Gloriana Bottoms,10.05.2023,gbottoms1j@mail.ru,Genderqueer,Foil - Round Foil,5,83.76,Svedala
57,Dorella Dockrell,26.07.2023,ddockrell1k@bloglovin.com,Genderqueer,Cups 10oz Trans,65,61.77,Launceston
58,Agata Devonald,23.10.2023,adevonald1l@miitbeian.gov.cn,Female,Currants,93,29.13,Amherstburg
59,Sissie Girhard,20.02.2023,sgirhard1m@shinystat.com,Female,Wild Boar - Tenderloin,55,17.49,Cha-am
60,Tara Randlesome,05.01.2023,trandlesome1n@geocities.com,Female,White Baguette,50,64.3,Kostelec nad Černými Lesy
61,Darrick Eagan,05.07.2023,deagan1o@china.com.cn,Agender,Sage - Fresh,17,40.76,Dungon
62,Brandy Van Leeuwen,03.11.2023,bvan1p@yahoo.co.jp,Female,Bread - Italian Corn Meal Poly,22,62.19,Bjästa
63,Sarene Marde,30.10.2023,smarde1q@washington.edu,Female,Maple Syrup,16,56.24,Laimuda
64,Davis Fulep,01.05.2023,dfulep1r@cam.ac.uk,Male,"Bread - Roll, Italian",73,85.83,Sumberjeruk
65,Cathryn Carson,14.04.2023,ccarson1s@hc360.com,Female,Tea - Black Currant,77,50.72,Mbouda
66,Baird Keaveny,17.09.2023,bkeaveny1t@bloglovin.com,Male,Rice - Brown,69,2.44,Неготино
67,Dario Palffy,20.12.2022,dpalffy1u@ca.gov,Male,Tomatoes Tear Drop,39,70.62,Charleston
68,Marmaduke Viccars,12.08.2023,mviccars1v@disqus.com,Agender,Wine - Stoneliegh Sauvignon,72,82.06,Hagfors
69,Marcelline Joesbury,07.07.2023,mjoesbury1w@sogou.com,Genderfluid,Soap - Hand Soap,71,21.23,Borgholm
70,Dyann Sherborn,24.07.2023,dsherborn1x@cdbaby.com,Female,Cakes Assorted,61,82.72,Cairo
71,Samara Cestard,08.08.2023,scestard1y@huffingtonpost.com,Female,"Crab - Dungeness, Whole",93,50.45,La Trinidad
72,Catharine Hackett,02.11.2023,chackett1z@cmu.edu,Female,Salt And Pepper Mix - White,99,69.19,Bomomani
73,Ax Deighan,16.02.2023,adeighan20@pen.io,Male,Beer - Pilsner Urquell,53,99.17,La Luz
74,Irwin MacRitchie,03.01.2023,imacritchie21@skyrock.com,Male,Apple - Royal Gala,3,49.62,Pandasan
75,Halsey Martini,21.01.2023,hmartini22@wordpress.org,Male,Wine - Chardonnay South,98,97.58,Mar del Plata
76,Dynah Neachell,15.06.2023,dneachell23@springer.com,Female,Garbag Bags - Black,14,99.45,Kandhkot
77,Gordon Bradford,14.10.2023,gbradford24@spiegel.de,Male,Island Oasis - Strawberry,54,3.32,Harderwijk
78,Luella Vaisey,03.01.2023,lvaisey25@nsw.gov.au,Female,Coffee - Flavoured,65,84.01,Jiangchuanlu
79,Ephrayim Pettitt,11.03.2023,epettitt26@un.org,Male,Chocolate - Sugar Free Semi Choc,52,67.37,Karlstad
80,Vladamir Rallings,15.03.2023,vrallings27@smugmug.com,Male,Cake Slab,86,61.72,Karabash
81,Martita Saltrese,28.12.2022,msaltrese28@vk.com,Female,Chocolate - White,18,85.43,Chubek
82,Wilmer Sawell,11.08.2023,wsawell29@nytimes.com,Male,Veal - Loin,93,71.2,Bell Ville
83,Forester Blakesley,29.05.2023,fblakesley2a@zdnet.com,Male,V8 Pet,51,89.79,Anling
84,Verna Magovern,16.09.2023,vmagovern2b@4shared.com,Polygender,Cheese - Brick With Pepper,27,34.83,Samut Sakhon
85,Doug McLoughlin,23.09.2023,dmcloughlin2c@wikimedia.org,Male,Soy Protein,82,99.88,Tougan
86,Lexis McMorran,27.06.2023,lmcmorran2d@technorati.com,Female,"Beef - Ground, Extra Lean, Fresh",32,40.44,Diaowei
87,Conny Sweedy,20.05.2023,csweedy2e@comcast.net,Male,Seabream Whole Farmed,23,69.05,Taldyqorghan
88,Kingsly Kupisz,19.04.2023,kkupisz2f@seattletimes.com,Male,"Bread - Crumbs, Bulk",11,29.99,Ḩabābah
89,Dore Phinnis,28.03.2023,dphinnis2g@qq.com,Female,Chocolate - Sugar Free Semi Choc,43,22.12,Monjarás
90,Rycca Aikenhead,17.06.2023,raikenhead2h@uiuc.edu,Female,Soup - Campbells,44,1.2,Ekenäs
91,Kermy Wanley,24.11.2022,kwanley2i@unesco.org,Male,Cookies - Amaretto,33,53.69,La Cañada
92,Madlin Lavender,22.04.2023,mlavender2j@etsy.com,Genderqueer,Coffee - Irish Cream,44,42.81,Mangge
93,Lisabeth Seefeldt,22.12.2022,lseefeldt2k@photobucket.com,Female,Capers - Pickled,100,4.88,Pingshan
94,Tobe McGrane,30.10.2023,tmcgrane2l@theglobeandmail.com,Male,"Soup - Canadian Pea, Dry Mix",31,94.74,Bhakkar
95,Obie Logsdale,18.11.2022,ologsdale2m@pcworld.com,Male,Peach - Halves,95,19.59,Campos Novos
96,Dilly Nicely,10.05.2023,dnicely2n@hostgator.com,Male,Table Cloth 54x54 Colour,92,64.7,Aqsū
97,Gannon Fearnsides,15.04.2023,gfearnsides2o@adobe.com,Male,Dasheen,79,86.05,Tirana
98,Salaidh Seaman,06.06.2023,sseaman2p@biglobe.ne.jp,Female,Halibut - Steaks,39,64.03,Berekum
99,Mirabelle Frensch,04.01.2023,mfrensch2q@hc360.com,Female,Table Cloth 54x54 Colour,52,36.57,Itápolis
100,Granger Clery,25.01.2023,gclery2r@ucoz.com,Male,Chicken Giblets,98,56.11,P’yŏngsŏng
101,Shamus Santen,13.08.2023,ssanten2s@reddit.com,Male,Juice - Ocean Spray Kiwi,43,57.6,Oli
102,Morry Koomar,25.10.2023,mkoomar2t@mlb.com,Male,Foam Espresso Cup Plain White,72,42.9,Khairpur Nathan Shāh
103,Brunhilda Motherwell,19.09.2023,bmotherwell2u@wufoo.com,Agender,Compound - Rum,53,92.8,Al Maḩfid
104,Kale Greene,04.04.2023,kgreene2v@statcounter.com,Male,Bread - Granary Small Pull,3,51.25,Níkaia
105,Dyanne Battany,02.08.2023,dbattany2w@omniture.com,Female,Clam Nectar,100,64.27,Olesno
106,Hobey Poland,06.11.2022,hpoland2x@noaa.gov,Genderfluid,Blueberries,78,19.35,Wieniawa
107,Alvinia Townend,25.06.2023,atownend2y@sogou.com,Female,Bread - Italian Sesame Poly,60,86.61,Gwadabawa
108,Hailey Sandeland,02.12.2022,hsandeland2z@t.co,Male,Ham - Cooked Bayonne Tinned,25,64.07,Santa Catalina
109,Ricki Ellaman,31.08.2023,rellaman30@shop-pro.jp,Female,Pecan Raisin - Tarts,23,43.31,Xiyuan
110,Lotty Heber,21.12.2022,lheber31@twitter.com,Female,Bagel - Sesame Seed Presliced,28,54.87,Vitry-le-François
111,Beverlie Naden,30.09.2023,bnaden32@princeton.edu,Female,"Oil - Truffle, Black",5,60.78,Curug
112,Fay Riccelli,05.10.2023,friccelli33@jiathis.com,Female,Sauce - Demi Glace,69,52.72,Kostomuksha
113,Winnie McAlindon,01.03.2023,wmcalindon34@naver.com,Male,"Cheese - Romano, Grated",28,40.04,Novhorodka
114,Barbe Ferraron,04.05.2023,bferraron35@moonfruit.com,Female,Clams - Bay,21,87.64,Kuala Bhee
115,Eachelle O'Sirin,20.04.2023,eosirin36@wsj.com,Female,Muffin Batt - Carrot Spice,60,94.4,San Antonio
116,Laurice Hollidge,26.02.2023,lhollidge37@narod.ru,Female,Veal - Inside,43,73.63,San Mateo
117,Dorian Newvell,11.10.2023,dnewvell38@github.com,Male,"Nut - Pecan, Pieces",22,49.39,Delson
118,Dre Caulkett,10.07.2023,dcaulkett39@cornell.edu,Female,Oil - Margarine,44,81.75,Contraalmirante Cordero
119,Corinne Pancoust,12.05.2023,cpancoust3a@arstechnica.com,Female,Hand Towel,39,8.58,Centar Župa
120,Gipsy Vaisey,22.12.2022,gvaisey3b@ask.com,Female,Grenadine,50,74.94,Montaigu
121,Gallard Tilbury,18.11.2022,gtilbury3c@fema.gov,Male,Dried Cherries,4,62.6,Shevchenkove
122,Appolonia Pantin,22.06.2023,apantin3d@nhs.uk,Female,"Nut - Cashews, Whole, Raw",5,8.82,Liqizhuang
123,Shanta Gerg,31.12.2022,sgerg3e@jalbum.net,Female,Lambcasing,83,60.84,Balta
124,Wat Placide,19.03.2023,wplacide3f@cyberchimps.com,Male,Wine - Fat Bastard Merlot,50,93.72,Duanshen
125,Garwin Troughton,23.05.2023,gtroughton3g@is.gd,Male,Shiro Miso,79,73.72,Xinxu
126,Bel Raulin,19.09.2023,braulin3h@multiply.com,Female,Wooden Mop Handle,45,14.81,Hegeng
127,Melvin Warnes,19.08.2023,mwarnes3i@godaddy.com,Male,Mix - Cocktail Strawberry Daiquiri,56,98.96,Vitomarci
128,Corabella Malam,17.05.2023,cmalam3j@webnode.com,Female,Shiro Miso,28,63.89,Diekirch
129,Heywood Hanner,02.08.2023,hhanner3k@independent.co.uk,Male,Container - Clear 32 Oz,10,98.47,Dobje pri Planini
130,Aundrea De Bruin,29.08.2023,ade3l@google.pl,Female,Ham - Black Forest,33,21.0,Starcevica
131,Sophronia Moat,24.07.2023,smoat3m@soundcloud.com,Female,Lobster - Canned Premium,75,27.7,Waihai
132,Marcellina Bigglestone,10.02.2023,mbigglestone3n@gizmodo.com,Non-binary,"Pasta - Bauletti, Chicken White",17,72.47,Pakis
133,Cece Thompson,06.04.2023,cthompson3o@acquirethisname.com,Male,Carrots - Mini Red Organic,80,8.57,Железный порт
134,Hetty Housbey,26.01.2023,hhousbey3p@google.ca,Female,Whmis - Spray Bottle Trigger,58,1.69,Bibis
135,Wynne Mattiazzi,26.09.2023,wmattiazzi3q@exblog.jp,Female,Pasta - Orecchiette,84,35.16,Oke Iho
136,Krissy Geffe,19.07.2023,kgeffe3r@princeton.edu,Polygender,Extract - Lemon,93,54.65,Candelaria
137,Guenevere Rummins,17.06.2023,grummins3s@gov.uk,Genderqueer,Sauce - Thousand Island,38,96.58,Nentón
138,Christian Paviour,31.10.2023,cpaviour3t@economist.com,Male,Muffin - Mix - Creme Brule 15l,24,87.71,Baru
139,Gregoor Alcott,11.03.2023,galcott3u@cmu.edu,Agender,Orange Roughy 4/6 Oz,90,33.95,Moreira de Geraz do Lima
140,Cherilynn Le Claire,15.05.2023,cle3v@nhs.uk,Female,Cactus Pads,92,1.74,Druju
141,Lind Cubitt,07.06.2023,lcubitt3w@trellian.com,Female,Crab Brie In Phyllo,98,78.9,Annecy
142,Rani Quarlis,12.03.2023,rquarlis3x@indiatimes.com,Female,Soup - Boston Clam Chowder,40,7.0,Tanbu
143,Pearline Myerscough,16.06.2023,pmyerscough3y@t.co,Female,"Wine - Red, Mouton Cadet",61,3.56,Rabat
144,Olympia Culligan,14.04.2023,oculligan3z@rakuten.co.jp,Female,Dried Peach,39,68.34,Huangzhuang
145,Gerek Konrad,04.12.2022,gkonrad40@newsvine.com,Male,Lamb - Whole Head Off,95,94.91,Yihe
146,Inesita Calcott,15.09.2023,icalcott41@smugmug.com,Female,Oil - Hazelnut,89,33.01,Changdai
147,Giralda Armiger,23.06.2023,garmiger42@dailymotion.com,Female,Soup Campbells Turkey Veg.,4,95.36,Yoiqag
148,Chrysler Temple,13.08.2023,ctemple43@seattletimes.com,Female,Absolut Citron,29,37.18,Jelisavac
149,Kelila Kinton,17.10.2023,kkinton44@usgs.gov,Female,Pur Value,70,20.01,Hou’an
150,Nikki Monkley,13.05.2023,nmonkley45@tamu.edu,Female,Juice - Orange 1.89l,12,49.16,Longhuashan
151,Estevan Pregal,28.05.2023,epregal46@shutterfly.com,Male,Cheese - Perron Cheddar,8,91.17,Balas
152,Donnajean Cicchillo,05.06.2023,dcicchillo47@amazon.com,Genderfluid,Tea - Herbal I Love Lemon,69,33.13,Nioki
153,Lina Jedrasik,22.11.2022,ljedrasik48@multiply.com,Female,Monkfish Fresh - Skin Off,62,93.96,Xaçmaz
154,Natasha Swyre,10.04.2023,nswyre49@friendfeed.com,Female,"Wine - Red, Mosaic Zweigelt",68,20.02,Tanabe
155,Der Meuse,23.12.2022,dmeuse4a@apple.com,Male,Foam Cup 6 Oz,92,47.33,Badīn
156,Lincoln Eagan,30.03.2023,leagan4b@mapy.cz,Agender,Wine - Taylors Reserve,54,58.57,Stockholm
157,Laverne Ladel,11.06.2023,lladel4c@about.com,Female,Cornflakes,73,53.16,Berea
158,Berkley Kennicott,17.02.2023,bkennicott4d@yellowbook.com,Male,"Stock - Beef, White",81,32.05,Orahovica Donja
159,Winonah Pash,25.04.2023,wpash4e@de.vu,Genderqueer,Spic And Span All Purpose,51,18.27,Heping
160,Curcio Kipling,24.07.2023,ckipling4f@house.gov,Male,Muffin Batt - Choc Chk,32,35.62,Shah Alam
161,Saul Notman,20.09.2023,snotman4g@technorati.com,Male,Duck - Breast,92,77.37,Lushuihe
162,Helaine Blackey,09.11.2022,hblackey4h@ibm.com,Agender,Tea - Lemon Green Tea,83,44.56,San Antonio
163,Matias Goodram,01.02.2023,mgoodram4i@yolasite.com,Male,Ginsing - Fresh,90,40.34,Lenīnskīy
164,Aylmar Shirer,27.05.2023,ashirer4j@ocn.ne.jp,Male,Spring Roll Wrappers,1,40.75,Lidköping
165,Alfie Sallter,26.09.2023,asallter4k@desdev.cn,Male,Juice - Ocean Spray Cranberry,21,66.09,Barice
166,Crichton Gallaccio,06.06.2023,cgallaccio4l@census.gov,Male,Bread - Bistro Sour,91,92.01,Malausma Kidul
167,Harrison Riehm,24.01.2023,hriehm4m@engadget.com,Male,"Soup - Campbells, Beef Barley",78,92.97,Al Metlaoui
168,Adan Haynes,08.04.2023,ahaynes4n@cnbc.com,Male,Soup - Campbells Tomato Ravioli,1,94.87,Zdice
169,Maurits Baume,15.07.2023,mbaume4o@bravesites.com,Male,Bay Leaf,12,72.38,Cuevas
170,Hewett Pawlaczyk,16.01.2023,hpawlaczyk4p@1688.com,Male,"Pasta - Rotini, Dry",53,39.15,Potulando
171,Jose Toffano,29.09.2023,jtoffano4q@51.la,Male,Wine - Ej Gallo Sonoma,99,43.61,Gurlan
172,Corrianne Sitlinton,21.04.2023,csitlinton4r@geocities.jp,Female,Ham - Procutinni,76,19.24,Boshan
173,Gregory Haistwell,17.09.2023,ghaistwell4s@narod.ru,Male,"Potatoes - Purple, Organic",58,54.81,Shangma
174,Alwyn Heigho,10.12.2022,aheigho4t@bing.com,Genderqueer,Energy Drink Bawls,58,35.95,Kibiya
175,Orv Acreman,18.06.2023,oacreman4u@squidoo.com,Male,Lentils - Green Le Puy,51,33.16,Dębów
176,Mamie Seneschal,15.12.2022,mseneschal4v@reddit.com,Female,Steampan - Foil,88,57.91,Zhongshanmen
177,Athena Victor,12.05.2023,avictor4w@nhs.uk,Female,"Pepper - Red, Finger Hot",97,81.45,Wuṯahpūr
178,Beverlie Tye,10.12.2022,btye4x@mysql.com,Female,Apple - Northern Spy,39,80.27,Tía Juana
179,Enid Gippes,28.07.2023,egippes4y@networksolutions.com,Agender,Garlic Powder,17,15.89,Tukums
180,Floria Bennallck,10.11.2022,fbennallck4z@jalbum.net,Female,Vinegar - Raspberry,94,79.62,Wagini
181,Dorelle Sailor,18.07.2023,dsailor50@bloglines.com,Female,Oil - Hazelnut,31,47.97,Sugihwaras
182,Chico MacKartan,10.07.2023,cmackartan51@blinklist.com,Male,Macaroons - Homestyle Two Bit,2,38.02,Jatirejo
183,Lew Enrietto,11.05.2023,lenrietto52@statcounter.com,Male,Bag Clear 10 Lb,35,33.86,Lin’an
184,Chrisse Bahia,03.02.2023,cbahia53@yellowbook.com,Male,Icecream - Dstk Strw Chseck,92,61.1,Bolo
185,Miriam Kloss,08.04.2023,mkloss54@furl.net,Female,Cheese - Victor Et Berthold,25,17.08,Luniao
186,Gavan Peaseman,16.02.2023,gpeaseman55@whitehouse.gov,Male,Wine - Touraine Azay - Le - Rideau,49,57.18,Shitan
187,Vivia Nowick,08.05.2023,vnowick56@geocities.com,Non-binary,Lettuce Romaine Chopped,14,72.83,Las Flores
188,Daffie Sandon,03.07.2023,dsandon57@fc2.com,Female,Mousse - Passion Fruit,14,94.94,Ishikari
189,Clem Perree,15.05.2023,cperree58@jalbum.net,Male,Snapple - Iced Tea Peach,95,16.69,Canggang
190,Sophey Stiell,18.11.2022,sstiell59@tinyurl.com,Female,Island Oasis - Magarita Mix,48,16.28,Lagyná
191,Rebeka Chart,15.10.2023,rchart5a@upenn.edu,Female,"Mustard - Dry, Powder",32,7.63,Lubumbashi
192,Trumann Oyley,09.03.2023,toyley5b@bizjournals.com,Male,Container - Clear 16 Oz,5,54.84,Umeå
193,Edouard Wittey,27.07.2023,ewittey5c@weibo.com,Male,Table Cloth 54x72 White,96,5.58,Angasmarca
194,Abe McMakin,26.04.2023,amcmakin5d@comcast.net,Male,Vegetable - Base,88,52.53,Kalashnikovo
195,Pat Hemms,10.02.2023,phemms5e@cbsnews.com,Genderfluid,"Lamb - Leg, Boneless",81,80.85,Makrochóri
196,Vally Gimeno,26.11.2022,vgimeno5f@webmd.com,Female,Wine - Crozes Hermitage E.,92,35.63,Riti
197,Merrie Runcieman,06.02.2023,mruncieman5g@yahoo.com,Female,Pork - Liver,8,32.31,Sarāvān
198,Bentlee Lewson,30.05.2023,blewson5h@wsj.com,Male,Beef Ground Medium,53,60.25,Huizhou
199,Kristal Kenrat,11.11.2022,kkenrat5i@liveinternet.ru,Female,Vol Au Vents,82,19.05,Dłutów
200,Skipp Pickover,23.11.2022,spickover5j@spiegel.de,Male,"Rice Pilaf, Dry,package",17,57.56,Miliangju
201,Jemmy Saw,07.07.2023,jsaw5k@aol.com,Female,"Tart Shells - Sweet, 3",1,64.43,Guaratinguetá
202,Timotheus Sparshutt,24.12.2022,tsparshutt5l@nba.com,Male,Bread - Calabrese Baguette,56,25.78,Makiv
203,Lonnard Froschauer,20.12.2022,lfroschauer5m@usa.gov,Male,Ginger - Ground,61,85.57,Veliki Grđevac
204,Heidie Alforde,26.11.2022,halforde5n@forbes.com,Female,"Wine - Red, Pinot Noir, Chateau",18,98.76,Gaoling
205,Veronique Bruhke,05.08.2023,vbruhke5o@sun.com,Female,Anisette - Mcguiness,7,74.38,Shangyang
206,Anabal Houlison,06.12.2022,ahoulison5p@unblog.fr,Female,"Chilli Paste, Sambal Oelek",31,23.48,Cairani
207,Kissee Humes,09.02.2023,khumes5q@hatena.ne.jp,Female,Seabream Whole Farmed,88,94.28,Datarsitu
208,Carce Tow,01.07.2023,ctow5r@sitemeter.com,Male,Table Cloth 54x72 Colour,18,90.57,Araouane
209,Galen Gartin,27.05.2023,ggartin5s@adobe.com,Male,Wine - Fume Blanc Fetzer,25,38.03,Sa‘sa‘
210,Devland Masser,29.06.2023,dmasser5t@cmu.edu,Male,Tomatoes - Heirloom,52,32.19,Zielonki
211,Mitchell Grieve,27.10.2023,mgrieve5u@bloomberg.com,Male,Rum - Mount Gay Eclipes,9,9.11,Ignalina
212,Ransell MacArthur,26.06.2023,rmacarthur5v@tinyurl.com,Male,Flour - Chickpea,2,37.2,Ringin Kembar
213,Catherin Kamena,16.07.2023,ckamena5w@yandex.ru,Female,"Iced Tea - Lemon, 460 Ml",88,48.06,Hufang
214,Jocelyne Quimby,28.11.2022,jquimby5x@studiopress.com,Bigender,"Pasta - Cannelloni, Sheets, Fresh",100,49.75,Balakasap
215,Lynn Bartoszewicz,29.11.2022,lbartoszewicz5y@yellowpages.com,Female,Wine - Chardonnay South,88,85.31,Humaitá
216,Niki Heyball,02.09.2023,nheyball5z@delicious.com,Female,Wine - Semi Dry Riesling Vineland,62,10.71,Ningde
217,Jillayne Crudgington,21.09.2023,jcrudgington60@umich.edu,Female,Beef Flat Iron Steak,85,94.95,Paltashaco
218,Kellia Thies,11.12.2022,kthies61@alibaba.com,Female,Tuna - Sushi Grade,4,80.92,Cergy-Pontoise
219,Henrieta Hook,16.01.2023,hhook62@nydailynews.com,Female,Tray - 12in Rnd Blk,97,45.71,Illintsi
220,Margret Readwood,13.04.2023,mreadwood63@oracle.com,Female,Buffalo - Striploin,12,75.79,Bobrov
221,Lyndell Mollindinia,30.05.2023,lmollindinia64@nba.com,Agender,"Soup - Campbells, Cream Of",29,60.42,Nanam
222,Karola Worboy,30.08.2023,kworboy65@nature.com,Female,Smoked Paprika,66,51.72,Douz
223,Konstantine Osorio,20.02.2023,kosorio66@mediafire.com,Male,Lamb Shoulder Boneless Nz,18,71.75,Sokolnice
224,Beltran Charlo,25.08.2023,bcharlo67@hc360.com,Male,"Flour - Corn, Fine",82,14.11,Acaraú
225,Patrizius Sabatier,11.10.2023,psabatier68@purevolume.com,Male,Bandage - Flexible Neon,30,47.27,Järna
226,Shane Hamm,03.01.2023,shamm69@ezinearticles.com,Female,Mix Pina Colada,53,56.97,Aksu
227,Romeo Carlaw,29.11.2022,rcarlaw6a@intel.com,Male,Salt - Sea,38,84.98,Nong Bun Nak
228,Marjorie Demke,22.07.2023,mdemke6b@google.com,Female,Puree - Pear,33,4.39,Faqqū‘ah
229,Ronda Henric,22.07.2023,rhenric6c@multiply.com,Female,Tomatillo,43,85.14,Ráquira
230,Marsh De Ruel,05.10.2023,mde6d@whitehouse.gov,Male,Table Cloth 62x114 White,93,46.52,Kratié
231,Che Nerne,11.05.2023,cnerne6e@aol.com,Male,Onions - Spanish,76,91.58,Jianfeng
232,Eleanor Schleswig-Holstein,03.09.2023,eschleswigholstein6f@nature.com,Female,Amaretto,57,75.58,Jangkungkusumo
233,Lindy Staunton,10.08.2023,lstaunton6g@instagram.com,Male,Pork Salted Bellies,15,6.82,Sigaboy
234,Georgetta Craine,17.06.2023,gcraine6h@japanpost.jp,Agender,Cauliflower,32,28.32,Kota Kinabalu
235,Rebeka McNeigh,14.09.2023,rmcneigh6i@twitter.com,Female,Flour - Rye,83,50.29,Mugan
236,Arnold Eburne,21.10.2023,aeburne6j@chron.com,Polygender,Snails - Large Canned,51,87.78,Luleå
237,Babs Kingcote,30.01.2023,bkingcote6k@exblog.jp,Female,Lemon Pepper,3,50.38,Rosignol
238,Nathanial Bayless,21.09.2023,nbayless6l@biglobe.ne.jp,Male,Horseradish Root,59,21.48,Hvar
239,Cameron Pinniger,14.01.2023,cpinniger6m@disqus.com,Male,Flavouring - Orange,92,95.97,Kalmar
240,Boigie Duligall,26.03.2023,bduligall6n@sitemeter.com,Male,"Juice - Grapefruit, 341 Ml",11,97.52,Mauraro
241,Ina Sangra,23.10.2023,isangra6o@businessweek.com,Female,Salad Dressing,17,86.7,Mahīn
242,Kaleb Duckit,28.01.2023,kduckit6p@uol.com.br,Male,"Nut - Pine Nuts, Whole",47,76.37,Haninge
243,Raffarty McShee,18.07.2023,rmcshee6q@nifty.com,Male,Sea Bass - Whole,3,81.82,Sikasso
244,Halsey Bullant,17.08.2023,hbullant6r@engadget.com,Male,Table Cloth 53x69 White,28,77.28,Zadní Mostek
245,Wilmer Flohard,13.01.2023,wflohard6s@wp.com,Polygender,Vaccum Bag - 14x20,18,56.83,Jiangbu
246,Brion Pellamont,11.09.2023,bpellamont6t@springer.com,Male,Nori Sea Weed - Gold Label,100,41.47,Huangguan
247,Kalil Turmall,14.07.2023,kturmall6u@symantec.com,Male,Scallops 60/80 Iqf,89,1.08,Karangturi
248,Linn Baudinot,13.01.2023,lbaudinot6v@prweb.com,Male,"Nut - Almond, Blanched, Whole",96,78.99,Balud
249,Delmore Claypole,04.10.2023,dclaypole6w@webs.com,Male,Tea - Jasmin Green,29,27.15,Krajan Sale
250,Marchall Braniff,16.11.2022,mbraniff6x@nytimes.com,Male,"Syrup - Monin, Amaretta",82,31.75,Jambuir Timur
251,Rosella Cortnay,11.11.2022,rcortnay6y@shop-pro.jp,Female,"Salmon - Atlantic, Fresh, Whole",33,21.67,Singasari
252,Oby Basten,13.09.2023,obasten6z@issuu.com,Genderqueer,Eel - Smoked,6,41.22,Vermoim
253,Corrie Braidley,22.11.2022,cbraidley70@canalblog.com,Female,Juice - Mango,93,3.37,Jinhe
254,Brandtr Lis,17.11.2022,blis71@ucla.edu,Male,Bagel - 12 Grain Preslice,48,78.28,Kubanskiy
255,Deane Leppington,17.02.2023,dleppington72@foxnews.com,Male,Petite Baguette,35,45.38,Dapitan
256,Carmen Dickenson,16.12.2022,cdickenson73@squarespace.com,Female,"Pork - Bacon, Double Smoked",57,9.07,Bao’an
257,Carlita Mabbot,17.01.2023,cmabbot74@webs.com,Female,Soup - French Can Pea,58,44.53,Izyum
258,Darryl Casarino,13.01.2023,dcasarino75@blinklist.com,Female,Bread - Crusty Italian Poly,94,57.24,Betafo
259,Culver Cheake,01.03.2023,ccheake76@si.edu,Male,Bread - Bistro Sour,76,38.97,Kungsbacka
260,Demeter Zamora,16.11.2022,dzamora77@squarespace.com,Female,"Wine - White, Ej",43,55.84,Checca
261,Avram Klishin,05.07.2023,aklishin78@cnet.com,Male,Pepper - Red Bell,38,73.04,Siak Sri Indrapura
262,Petunia Roggers,19.02.2023,proggers79@google.cn,Female,Raisin - Golden,31,97.09,Baryshevo
263,Kassi Rein,14.10.2023,krein7a@friendfeed.com,Female,Plastic Arrow Stir Stick,57,82.58,Seremban
264,Gwyn Ebdon,27.11.2022,gebdon7b@census.gov,Female,Soap - Mr.clean Floor Soap,19,36.42,Spånga
265,Karisa Wartnaby,24.10.2023,kwartnaby7c@europa.eu,Female,Mushroom - Chanterelle Frozen,31,30.17,Pasirsongket Dua
266,Eldin Erington,06.05.2023,eerington7d@time.com,Male,Cloves - Ground,62,52.57,Yuncheng
267,Drake Rolls,14.12.2022,drolls7e@salon.com,Male,Walkers Special Old Whiskey,79,41.88,Jinqiao
268,Rafaellle Fernanando,19.07.2023,rfernanando7f@cbsnews.com,Polygender,Sobe - Cranberry Grapefruit,55,90.1,Piketberg
269,Annabel Cason,14.06.2023,acason7g@blogger.com,Female,Cheese - Cheddar With Claret,12,92.34,Russkaya Polyana
270,Billye Counsell,18.03.2023,bcounsell7h@123-reg.co.uk,Female,Jameson Irish Whiskey,30,80.72,T’ianet’i
271,Cristian Spillard,18.10.2023,cspillard7i@people.com.cn,Male,Wine - Pinot Noir Pond Haddock,11,43.61,Tieli
272,Johnathan Skechley,28.08.2023,jskechley7j@opera.com,Male,"Bread - Crumbs, Bulk",11,47.49,Essen
273,Juli Darter,01.07.2023,jdarter7k@rediff.com,Female,Cheese - Bakers Cream Cheese,37,55.26,Paris 04
274,Archer Abbey,22.09.2023,aabbey7l@friendfeed.com,Bigender,Chicken - Whole Fryers,10,74.54,Santa Lucía Cotzumalguapa
275,Dona Rupel,21.01.2023,drupel7m@twitter.com,Female,Flour - Semolina,37,24.06,Błędów
276,Damian Nutton,27.12.2022,dnutton7n@xing.com,Non-binary,The Pop Shoppe - Lime Rickey,72,69.45,Binabaan
277,Reade Tuttiett,08.05.2023,rtuttiett7o@baidu.com,Male,Calypso - Pineapple Passion,1,6.6,Biyan
278,Omero Buzin,08.02.2023,obuzin7p@loc.gov,Genderfluid,"Sauce - Soya, Light",49,13.07,Haitang
279,Wald Heinrici,17.05.2023,wheinrici7q@phpbb.com,Male,Tia Maria,57,70.67,Senanga
280,Garry Pashen,20.12.2022,gpashen7r@opensource.org,Male,Bagel - Plain,27,88.7,Tianyi
281,Fields Meldrum,27.04.2023,fmeldrum7s@wiley.com,Male,Flour - Strong,10,82.47,Damu
282,Markos Sheen,03.05.2023,msheen7t@altervista.org,Male,Pumpkin - Seed,11,97.69,Abashiri
283,Milissent Perico,10.09.2023,mperico7u@psu.edu,Female,"Water, Tap",45,15.58,Wissous
284,Kendricks Josselson,13.07.2023,kjosselson7v@smugmug.com,Male,Cranberries - Fresh,1,16.38,São Miguel do Araguaia
285,Moise Covell,05.11.2023,mcovell7w@smh.com.au,Male,Bread - Petit Baguette,21,95.81,Varna
286,Paloma Vanezis,23.06.2023,pvanezis7x@cam.ac.uk,Female,Sugar - White Packet,36,42.59,Houba
287,Grover Karpmann,20.08.2023,gkarpmann7y@merriam-webster.com,Male,Sauerkraut,85,11.87,Krzyżanowice
288,Jillayne Dumper,29.01.2023,jdumper7z@163.com,Female,Veal - Striploin,62,36.46,Sanshan
289,Ilaire Emes,21.06.2023,iemes80@cnet.com,Male,Vaccum Bag 10x13,2,33.64,Almirante
290,Eduino Giorgione,15.10.2023,egiorgione81@irs.gov,Male,Syrup - Monin - Passion Fruit,44,42.41,Santo Tomas
291,Doralynn Middlemiss,26.09.2023,dmiddlemiss82@army.mil,Female,Cheese - Montery Jack,67,84.0,Santa Rosa de Viterbo
292,Winonah Gonning,31.10.2023,wgonning83@baidu.com,Female,Pail For Lid 1537,86,70.91,Wuluo
293,Erick Jeandot,19.04.2023,ejeandot84@usgs.gov,Male,Cheese - Gouda Smoked,100,78.33,Qŭrghonteppa
294,Kirbee Killford,15.12.2022,kkillford85@washington.edu,Female,Flower - Leather Leaf Fern,13,27.69,Grand Forks
295,Maurie Puttnam,23.05.2023,mputtnam86@forbes.com,Male,Milk Powder,45,7.16,Chantilly
296,Creight Coom,17.10.2023,ccoom87@patch.com,Male,Lime Cordial - Roses,23,9.78,Chantilly
297,Erena Chapelhow,03.05.2023,echapelhow88@whitehouse.gov,Female,"Crab - Claws, 26 - 30",64,28.52,Sarakhs
298,Jarred Stannah,10.11.2022,jstannah89@netlog.com,Male,Crackers - Melba Toast,97,55.78,Qingshuihe
299,Octavius Treske,23.01.2023,otreske8a@state.tx.us,Male,Cookie Double Choco,50,13.38,Takarazuka
300,Winslow Wahner,28.12.2022,wwahner8b@digg.com,Male,Appetizer - Mango Chevre,12,88.0,Niort
301,Nicoli Panther,18.03.2023,npanther8c@pagesperso-orange.fr,Female,Compound - Raspberry,45,55.63,Spas-Klepiki
302,Dacy Basler,31.01.2023,dbasler8d@jimdo.com,Female,Wine - Chardonnay Mondavi,12,74.04,Zongzhai
303,Kimberlyn Mahomet,25.02.2023,kmahomet8e@odnoklassniki.ru,Polygender,Mortadella,54,38.75,Villa Nueva
304,Lonna Karolyi,20.10.2023,lkarolyi8f@1688.com,Female,Lidsoupcont Rp12dn,61,92.32,Roslavl’
305,Melisent Loraine,20.07.2023,mloraine8g@wufoo.com,Female,Water - Evian 355 Ml,26,15.4,Shuangnian
306,Pancho Greeveson,26.02.2023,pgreeveson8h@blogger.com,Male,Bar Nature Valley,6,50.68,Trongsa
307,Elmer Tuff,08.12.2022,etuff8i@chicagotribune.com,Male,"Doilies - 5, Paper",23,72.17,Samaipata
308,Rodrigo Georger,24.12.2022,rgeorger8j@xinhuanet.com,Male,Salmon Atl.whole 8 - 10 Lb,47,71.46,Ndofane
309,Fin Moses,24.12.2022,fmoses8k@networkadvertising.org,Male,Bread - Focaccia Quarter,45,72.45,Concepción del Uruguay
310,Gregoor Joppich,08.12.2022,gjoppich8l@google.nl,Bigender,"Beans - Black Bean, Dry",2,89.93,Herrera
311,Andres Dizlie,16.05.2023,adizlie8m@bravesites.com,Male,Gatorade - Orange,41,16.32,Warmare
312,Denys Missenden,19.03.2023,dmissenden8n@privacy.gov.au,Male,Sponge Cake Mix - Vanilla,60,1.27,Viangxai
313,Zonda Bridel,15.06.2023,zbridel8o@usgs.gov,Genderfluid,Prunes - Pitted,58,52.08,Lomintsevskiy
314,Charmaine MacChaell,09.07.2023,cmacchaell8p@bandcamp.com,Female,Urban Zen Drinks,45,55.2,Halteu
315,Fonsie Gilvary,15.09.2023,fgilvary8q@dion.ne.jp,Male,"Nut - Pecan, Halves",77,39.53,Kuz’minskiye Otverzhki
316,Jessa Otteridge,10.07.2023,jotteridge8r@dion.ne.jp,Female,Lid - 3oz Med Rec,48,48.74,Huanggexi
317,Adrianna Mabbot,11.01.2023,amabbot8s@istockphoto.com,Female,"Chicken - Leg, Boneless",44,25.6,Lyon
318,Tiff Oger,12.07.2023,toger8t@phoca.cz,Female,Jicama,100,85.1,Smętowo Graniczne
319,Matteo Hassan,23.10.2023,mhassan8u@tamu.edu,Male,"Veal - Leg, Provimi - 50 Lb Max",76,18.17,Bystra
320,Lila Arnall,24.12.2022,larnall8v@imdb.com,Female,Pepper - Green,22,32.92,Cukanguncal
321,Clifford Landers,01.09.2023,clanders8w@scientificamerican.com,Male,Longos - Assorted Sandwich,97,70.84,Somanda
322,Darrell Mielnik,23.02.2023,dmielnik8x@bandcamp.com,Male,Beer - Upper Canada Lager,98,83.26,Dijon
323,Conney Hryniewicz,04.09.2023,chryniewicz8y@furl.net,Male,"Nut - Pecan, Halves",38,31.98,Kameyama
324,Gino Cockcroft,02.08.2023,gcockcroft8z@sciencedaily.com,Male,Turnip - Mini,64,16.62,Utrecht (stad)
325,Maurise Lozano,28.10.2023,mlozano90@springer.com,Female,Rice - Wild,46,94.13,Melbourne
326,Charo Gillespie,18.11.2022,cgillespie91@yandex.ru,Female,Beer - True North Strong Ale,95,65.95,Atlanta
327,Gardner Finneran,15.08.2023,gfinneran92@irs.gov,Male,"Shrimp - 16/20, Peeled Deviened",17,81.38,Knivsta
328,Nate Spowage,21.01.2023,nspowage93@europa.eu,Male,Egg - Salad Premix,30,79.32,Kali
329,Laurella Beeson,09.08.2023,lbeeson94@ca.gov,Female,Mussels - Frozen,35,35.62,Rājo Khanāni
330,Kore Stripp,07.10.2023,kstripp95@hud.gov,Female,Salmon Atl.whole 8 - 10 Lb,83,99.79,Oslo
331,Noell Brazil,18.07.2023,nbrazil96@hao123.com,Female,Nantucket Pine Orangebanana,87,27.72,Fordon
332,Ford Brute,17.06.2023,fbrute97@answers.com,Bigender,Versatainer Nc - 888,76,61.93,Paris 19
333,Charlene Bealing,03.03.2023,cbealing98@sciencedirect.com,Female,Juice - Orange,80,10.18,Jiuhe
334,Erinn Rispen,02.04.2023,erispen99@wikia.com,Female,Cheese - Shred Cheddar / Mozza,25,70.69,Pasco
335,Jacky Toffts,17.12.2022,jtoffts9a@51.la,Male,Juice - Lemon,88,98.55,Tsybulevka
336,Taylor Seeds,12.08.2023,tseeds9b@discovery.com,Male,Pork Casing,83,25.79,Oematnunu
337,Eben Batho,25.08.2023,ebatho9c@home.pl,Male,Water - Perrier,71,34.07,Kakata
338,Delmore Avrahamoff,01.11.2023,davrahamoff9d@wikipedia.org,Male,Chicken - White Meat With Tender,70,75.29,Prislonica
339,Natala Gozney,01.03.2023,ngozney9e@simplemachines.org,Female,Lobster - Cooked,42,90.61,Sonta
340,Ody Karran,06.11.2022,okarran9f@hhs.gov,Male,Pastry - Cheese Baked Scones,87,29.89,Changlong
341,Tabor Menault,04.01.2023,tmenault9g@theglobeandmail.com,Male,French Pastries,84,55.33,Daxi
342,Hazlett Riseborough,21.09.2023,hriseborough9h@alibaba.com,Male,Beans - Wax,7,8.8,Ngembo
343,Selinda Swinnard,09.07.2023,sswinnard9i@elegantthemes.com,Female,Potatoes - Idaho 80 Count,15,82.52,Port-de-Paix
344,Darlene Berthomier,17.11.2022,dberthomier9j@diigo.com,Female,Versatainer Nc - 8288,66,57.83,Kwekwe
345,Josephine Minchinton,17.11.2022,jminchinton9k@multiply.com,Female,Pepper - Roasted Red,68,94.02,Sevilla
346,Ceil Doubleday,14.07.2023,cdoubleday9l@blog.com,Female,Tuna - Yellowfin,63,34.72,Andarapa
347,Olly Bryde,06.01.2023,obryde9m@aol.com,Male,Wine - Rubyport,4,73.71,Oranmore
348,Pandora Pinnick,12.10.2023,ppinnick9n@barnesandnoble.com,Female,Danishes - Mini Cheese,71,21.25,Guoyuan
349,Kelwin Willowby,18.06.2023,kwillowby9o@pbs.org,Male,Sauce - Alfredo,13,99.04,Gomel
350,Corny Amber,31.12.2022,camber9p@businesswire.com,Female,"Turkey - Breast, Bone - In",92,47.22,Buenavista
351,Rriocard Dorbon,02.09.2023,rdorbon9q@google.com.au,Male,Marzipan 50/50,61,24.22,Maniowy
352,Ernesto Kencott,11.12.2022,ekencott9r@printfriendly.com,Male,Container - Clear 16 Oz,86,91.46,Nunsena
353,Skippy Ingledew,13.02.2023,singledew9s@cbc.ca,Male,Pastry - Choclate Baked,3,23.73,Sim
354,Fred Klimkovich,04.11.2023,fklimkovich9t@google.com.au,Male,"Quail - Eggs, Fresh",3,70.24,San Bernardino
355,Codie Stitle,03.09.2023,cstitle9u@pagesperso-orange.fr,Male,Catfish - Fillets,77,49.83,Östersund
356,Jessamine Glozman,27.12.2022,jglozman9v@latimes.com,Female,Appetizer - Crab And Brie,55,80.06,Kabarnet
357,Ester Christon,06.03.2023,echriston9w@va.gov,Female,Sour Puss Sour Apple,42,75.9,Chiţcani
358,Tamarah Columbine,01.10.2023,tcolumbine9x@sina.com.cn,Genderqueer,Sauce - Cranberry,42,62.93,Visby
359,Duane Housecraft,27.07.2023,dhousecraft9y@businesswire.com,Polygender,Wine - Sogrape Mateus Rose,88,17.0,Pompéia
360,Amye Mathissen,10.06.2023,amathissen9z@miibeian.gov.cn,Female,"Mushroom - Chanterelle, Dry",52,16.46,Macun
361,Jacqui Lewty,29.01.2023,jlewtya0@spotify.com,Female,Triple Sec - Mcguinness,59,12.89,Poniatowa
362,Rupert Axston,26.05.2023,raxstona1@stanford.edu,Male,Mushroom - White Button,67,52.51,Salimbao
363,Addie Brighouse,05.06.2023,abrighousea2@addtoany.com,Female,Cocktail Napkin Blue,63,21.77,Dushan
364,Eachelle Snedker,21.10.2023,esnedkera3@ovh.net,Female,Flower - Commercial Spider,1,81.07,Al Burayqah
365,Hasheem Maiklem,01.11.2023,hmaiklema4@hatena.ne.jp,Male,Calypso - Black Cherry Lemonade,93,9.25,Mislīyah
366,Maximilianus Thomkins,16.11.2022,mthomkinsa5@taobao.com,Male,Jam - Raspberry,32,88.77,Manokwari
367,Hillyer Dawkes,30.11.2022,hdawkesa6@youtu.be,Male,Flour - All Purpose,62,6.32,Stockholm
368,Anton Styan,30.04.2023,astyana7@trellian.com,Male,"Cup - 3.5oz, Foam",75,19.49,Georgetown
369,Orren Beneze,11.09.2023,obenezea8@patch.com,Male,"Asparagus - Green, Fresh",45,49.26,Selnica
370,Larisa Burgh,21.01.2023,lburgha9@dedecms.com,Female,Broom - Corn,81,66.78,Mertzig
371,Zelda Hanstock,06.07.2023,zhanstockaa@ebay.com,Female,Broom And Broom Rack White,37,48.05,Irákleion
372,Sascha Ethridge,30.11.2022,sethridgeab@engadget.com,Female,Spinach - Baby,66,19.71,Karmai
373,Addi Spriddle,24.02.2023,aspriddleac@youtube.com,Female,Plate Foam Laminated 9in Blk,1,41.39,Dajanrurung
374,Lynett Drayson,23.06.2023,ldraysonad@google.it,Female,Milk - 2% 250 Ml,18,41.79,Jukui
375,Ingunna Curm,01.05.2023,icurmae@twitpic.com,Female,"Wine - White, Mosel Gold",14,95.83,Khadīr
376,Regan Braxton,29.12.2022,rbraxtonaf@com.com,Male,Beef - Striploin Aa,58,1.4,Titao
377,Flinn Hazart,20.02.2023,fhazartag@yolasite.com,Male,Cookies Almond Hazelnut,16,40.26,Baibu
378,Jany Teall,12.07.2023,jteallah@wisc.edu,Female,Pepper - Chili Powder,77,76.78,Macinhata da Seixa
379,Iseabal Hanselman,03.12.2022,ihanselmanai@un.org,Female,Puree - Mango,12,91.34,Armenia
380,Hetty Juste,23.07.2023,hjusteaj@livejournal.com,Female,Soup Campbells,15,66.65,pamas
381,Myrtia Stanmore,29.04.2023,mstanmoreak@census.gov,Female,"Coconut - Creamed, Pure",89,54.95,Volgodonsk
382,Ram MacGillavery,20.03.2023,rmacgillaveryal@tripod.com,Male,Macaroons - Two Bite Choc,9,55.0,Sansheng
383,Shanta Collerd,26.06.2023,scollerdam@sun.com,Female,Grenadine,81,73.72,Alexandria
384,Alexa Allsobrook,26.04.2023,aallsobrookan@people.com.cn,Bigender,Cup - 4oz Translucent,43,89.39,Filabusi
385,Auguste Flight,12.10.2023,aflightao@bing.com,Female,"Wine - Mas Chicet Rose, Vintage",57,21.48,Libenge
386,Cameron Overstone,22.11.2022,coverstoneap@fda.gov,Male,Muffin Mix - Lemon Cranberry,4,92.15,Sungai Iyu
387,Rhianna Casella,27.09.2023,rcasellaaq@dropbox.com,Female,Sauce - Hollandaise,75,51.57,Cabinteely
388,Hedwig Taig,26.03.2023,htaigar@prnewswire.com,Female,Wine - Cousino Macul Antiguas,56,21.18,Shuitian
389,Kristoffer Heaford,09.11.2022,kheafordas@fc2.com,Male,Mix - Cocktail Strawberry Daiquiri,40,10.15,Potštát
390,Sallyann Yon,18.02.2023,syonat@twitter.com,Female,Nestea - Iced Tea,29,56.88,Kali
391,Tabina Eltune,30.08.2023,teltuneau@elegantthemes.com,Female,Appetizer - Escargot Puff,22,89.63,Bāsht
392,Ardyth Britner,08.02.2023,abritnerav@multiply.com,Female,Irish Cream - Butterscotch,57,93.58,Mangga Dua
393,Candide Coppo,25.06.2023,ccoppoaw@rambler.ru,Female,Cheese - Oka,28,40.93,Quartier Morin
394,Andee Gramer,08.01.2023,agramerax@cnn.com,Female,"Fish - Soup Base, Bouillon",93,48.44,El Bolsón
395,Kendre Braunton,11.02.2023,kbrauntonay@sina.com.cn,Female,Marzipan 50/50,9,37.17,Road Town
396,Bartholomeus Ragless,24.10.2023,braglessaz@huffingtonpost.com,Male,"Chestnuts - Whole,canned",76,49.13,Mabua
397,Arv Jager,27.07.2023,ajagerb0@springer.com,Male,"Cheese - Woolwich Goat, Log",18,1.89,Doumen
398,Denney Lothlorien,09.11.2022,dlothlorienb1@elegantthemes.com,Male,"Juice - Apple, 500 Ml",58,51.81,Weiqi
399,Leonhard Skiplorne,20.12.2022,lskiplorneb2@pinterest.com,Male,Sprouts - Baby Pea Tendrils,36,73.71,Salcedo
400,Glynda Cochran,18.10.2023,gcochranb3@sciencedaily.com,Female,Vinegar - Red Wine,7,14.11,Vřesina
401,Sherline Pettisall,10.01.2023,spettisallb4@auda.org.au,Female,Scallops - In Shell,54,3.93,Mambulo
402,Laughton Britto,22.07.2023,lbrittob5@acquirethisname.com,Male,Muffin Batt - Choc Chk,12,18.69,Zhaizigou
403,Shane Raveau,02.09.2023,sraveaub6@gravatar.com,Female,Pear - Packum,92,83.4,Jieduo
404,Mack Celler,02.04.2023,mcellerb7@amazonaws.com,Male,Beef - Bresaola,51,13.79,Guzhan
405,Dotty Ludee,04.05.2023,dludeeb8@gmpg.org,Genderqueer,Passion Fruit,89,83.17,Maasin
406,Conan Odeson,22.08.2023,codesonb9@com.com,Male,Table Cloth 90x90 White,16,18.54,Tukan
407,Ilysa Seager,07.09.2023,iseagerba@admin.ch,Female,Bacardi Mojito,59,34.51,Bhairāhawā
408,Bjorn Asche,04.10.2023,baschebb@dailymotion.com,Male,Pineapple - Golden,70,78.39,Cové
409,Elyse Rable,04.08.2023,erablebc@twitpic.com,Female,Bread - Ciabatta Buns,97,75.65,Wang Nam Yen
410,Ree Foyster,26.08.2023,rfoysterbd@theguardian.com,Female,"Champagne - Brights, Dry",23,24.31,Xishan
411,Melvin Farran,13.08.2023,mfarranbe@cdc.gov,Male,Potatoes - Mini Red,91,25.0,San Vicente
412,Muffin Olcot,26.12.2022,molcotbf@house.gov,Male,Muffin - Blueberry Individual,18,4.92,Ndwedwe
413,Matthew Winscom,10.04.2023,mwinscombg@webs.com,Male,Skirt - 24 Foot,69,58.6,Chanhe
414,Eddie Dudhill,31.01.2023,edudhillbh@myspace.com,Female,Fond - Chocolate,45,46.51,Burgersfort
415,Jacki Rishworth,11.10.2023,jrishworthbi@wunderground.com,Female,"Crab - Blue, Frozen",93,49.39,Huozhuangzi
416,Elisha Size,27.10.2023,esizebj@nasa.gov,Female,Swordfish Loin Portions,58,87.96,Ying’ebu
417,Blinnie Amorine,28.04.2023,bamorinebk@about.me,Female,Momiji Oroshi Chili Sauce,27,90.04,Kimanuit
418,Lynn Whitchurch,27.11.2022,lwhitchurchbl@google.nl,Male,Bread - Assorted Rolls,98,76.38,Rāipur
419,Therine Simonsen,15.06.2023,tsimonsenbm@stanford.edu,Female,Veal - Leg,22,13.46,Radenka
420,Aaren McVittie,10.04.2023,amcvittiebn@ameblo.jp,Female,Pomegranates,85,53.56,Boksitogorsk
421,Walker Propper,16.03.2023,wpropperbo@state.gov,Male,Cheese - Brie,36,16.13,Orléans
422,Raviv McArdell,22.06.2023,rmcardellbp@utexas.edu,Male,Scrubbie - Scotchbrite Hand Pad,46,76.95,Yuzhou
423,Kasper Konzelmann,07.01.2023,kkonzelmannbq@time.com,Male,"Ecolab - Orange Frc, Cleaner",17,6.42,Zhirnovsk
424,Elysia Guihen,28.08.2023,eguihenbr@vk.com,Female,Lambcasing,75,18.04,Malaruhatan
425,Matthus Reinhart,21.04.2023,mreinhartbs@google.fr,Male,Eel - Smoked,87,3.46,Winter Haven
426,Ailsun Perton,06.06.2023,apertonbt@google.com.br,Female,Sour Puss - Tangerine,35,25.17,Stockholm
427,Gerardo Oselton,02.09.2023,goseltonbu@blogger.com,Male,Bread - English Muffin,1,41.15,Wattegama
428,Alric Runchman,04.12.2022,arunchmanbv@jigsy.com,Male,Sugar - Palm,64,83.78,Konkwesso
429,Phyllis Quinn,19.09.2023,pquinnbw@unesco.org,Female,"Pepper - Chillies, Crushed",68,54.4,Mintian
430,Elene Liversage,19.07.2023,eliversagebx@twitpic.com,Female,Lettuce - Arugula,5,99.58,Guadalupe
431,Blakelee Jell,24.02.2023,bjellby@cnn.com,Female,Higashimaru Usukuchi Soy,78,49.25,Murmuiža
432,Sean Torritti,05.12.2022,storrittibz@google.es,Male,Wine - Spumante Bambino White,21,26.94,Valejas
433,Rube Espadater,26.05.2023,respadaterc0@t-online.de,Male,"Rosemary - Primerba, Paste",77,59.27,Kabin Buri
434,Hugh Matterdace,30.11.2022,hmatterdacec1@zdnet.com,Male,Wine - Clavet Saint Emilion,6,57.93,Moravský Beroun
435,Tamera Hove,22.08.2023,thovec2@blogs.com,Female,Coriander - Ground,14,17.41,Chaupimarca
436,Hall Silmon,06.01.2023,hsilmonc3@newyorker.com,Male,Snapple - Mango Maddness,16,59.66,Concepción de La Vega
437,Stanleigh Steen,28.01.2023,ssteenc4@va.gov,Male,Muffin Batt - Choc Chk,14,92.23,Haradzyeya
438,Reed Tunnow,23.03.2023,rtunnowc5@ameblo.jp,Male,Table Cloth 62x120 Colour,77,69.41,Oslo
439,Zahara Paschek,18.09.2023,zpaschekc6@newyorker.com,Female,Muffin Hinge 117n,19,67.31,Nanga Eboko
440,Mei Nussii,07.12.2022,mnussiic7@phoca.cz,Female,"Soup - Canadian Pea, Dry Mix",71,1.05,Kunjāh
441,Riccardo Thewlis,10.07.2023,rthewlisc8@about.me,Male,Beef - Ground Lean Fresh,87,1.97,Shōbu
442,Tymon Caldero,31.05.2023,tcalderoc9@google.nl,Genderfluid,Icecream - Dibs,86,31.48,Seixo Alvo
443,Drusie Spain-Gower,12.09.2023,dspaingowerca@redcross.org,Female,"Oil - Olive, Extra Virgin",4,4.42,Santiago
444,Kathlin Meegin,05.07.2023,kmeegincb@cdc.gov,Female,Bagel - Ched Chs Presliced,87,16.52,Durham
445,Cristen Gercken,01.02.2023,cgerckencc@wikipedia.org,Female,Tea - Herbal Sweet Dreams,87,88.94,Gornji Breg
446,Timmy Hambridge,20.05.2023,thambridgecd@prlog.org,Male,"Cheese - Cheddar, Old White",45,85.56,Kantharalak
447,Dannie Lethby,09.11.2022,dlethbyce@google.pl,Male,Wine - Zonnebloem Pinotage,85,1.97,Krasnyye Barrikady
448,Cirilo Kovnot,24.01.2023,ckovnotcf@bluehost.com,Male,Pepper Squash,95,48.34,Al Bawīţī
449,Norene Gogie,31.03.2023,ngogiecg@360.cn,Female,Flour - Masa De Harina Mexican,25,57.25,Cibodas
450,Marysa Sainter,25.06.2023,msainterch@indiegogo.com,Agender,Pastry - Apple Large,89,2.43,Chongru
451,Constanta Goodinson,20.10.2023,cgoodinsonci@europa.eu,Polygender,Sunflower Seed Raw,59,70.51,Tangtu
452,Hillie Gunstone,04.12.2022,hgunstonecj@discovery.com,Male,Muffin - Mix - Bran And Maple 15l,96,77.29,Amsterdam Westpoort
453,Westbrooke Fellows,29.06.2023,wfellowsck@sakura.ne.jp,Bigender,Sobe - Cranberry Grapefruit,49,59.3,Soloneshnoye
454,Amabel Leavold,25.12.2022,aleavoldcl@sogou.com,Female,"Water - Mineral, Natural",33,24.09,Shanmuqiao
455,Lauryn Gaskin,28.11.2022,lgaskincm@cbsnews.com,Female,Wine - Barbera Alba Doc 2001,52,41.74,Suruhan
456,Burke Humblestone,13.07.2023,bhumblestonecn@google.co.jp,Non-binary,Beans - Kidney White,27,64.33,Dayton
457,Gigi Bickerstaff,10.05.2023,gbickerstaffco@businessinsider.com,Female,Wine - Jaboulet Cotes Du Rhone,54,19.31,Xhafzotaj
458,Morgan Furney,28.04.2023,mfurneycp@topsy.com,Male,Scallop - St. Jaques,10,18.42,Sindangsari
459,Tobie Rzehorz,17.04.2023,trzehorzcq@hatena.ne.jp,Male,Langers - Ruby Red Grapfruit,97,64.81,Všemina
460,Tasha Joisce,10.11.2022,tjoiscecr@nifty.com,Female,"Wine - Red, Marechal Foch",53,38.39,Anqing
461,Harp Elgy,20.02.2023,helgycs@ucoz.ru,Male,Wine - Balbach Riverside,49,53.17,Paris 08
462,Elfrida Bontoft,14.10.2023,ebontoftct@europa.eu,Female,Anchovy In Oil,42,98.93,Parung
463,Joyann Eate,26.07.2023,jeatecu@nyu.edu,Female,Longos - Lasagna Veg,91,42.85,Bandungsari
464,Even Antonioni,25.12.2022,eantonionicv@goodreads.com,Male,Cocoa Powder - Dutched,92,3.96,Marseille
465,Kylen Gianotti,18.01.2023,kgianotticw@miitbeian.gov.cn,Female,Shrimp - Black Tiger 16/20,10,19.34,Haapajärvi
466,Kylie Ripping,20.09.2023,krippingcx@google.de,Non-binary,Hold Up Tool Storage Rack,38,96.5,Xom Tan Long
467,Norman Haburne,19.03.2023,nhaburnecy@tmall.com,Male,Ham - Black Forest,44,78.61,Maredakamau
468,Ginelle Peasegod,19.01.2023,gpeasegodcz@yandex.ru,Female,Cheese - Fontina,53,57.3,Jeziorzany
469,Winnifred Sinderland,29.10.2023,wsinderlandd0@loc.gov,Genderqueer,Bread - Olive Dinner Roll,98,55.54,Hengliang
470,Sanderson Discombe,27.06.2023,sdiscombed1@goodreads.com,Male,Muffin - Blueberry Individual,4,47.07,Nyrkiv
471,Mack Manterfield,21.11.2022,mmanterfieldd2@chronoengine.com,Male,"Doilies - 10, Paper",16,17.61,Guamo
472,Silvester Pezey,19.04.2023,spezeyd3@usda.gov,Male,"Coconut - Shredded, Unsweet",94,76.42,La Paz
473,Westleigh Pietron,16.09.2023,wpietrond4@mediafire.com,Male,Corn - Mini,9,83.73,Gongdanglegi Kulon
474,Cosimo Swaine,25.12.2022,cswained5@storify.com,Male,Barramundi,76,95.49,Yongjiu
475,Archy Hadley,13.02.2023,ahadleyd6@ustream.tv,Male,"Olives - Green, Pitted",89,28.94,Vaitogi
476,Cello Jeduch,03.02.2023,cjeduchd7@nsw.gov.au,Male,Cookies - Fortune,90,17.06,Pushkino
477,Rica Jeannel,17.10.2023,rjeanneld8@myspace.com,Female,Yokaline,55,98.35,Leticia
478,Raffarty Adne,04.06.2023,radned9@liveinternet.ru,Male,Muffin Puck Ww Carrot,86,72.84,Kisarawe
479,Anallese Abrashkov,19.01.2023,aabrashkovda@vkontakte.ru,Female,Bread - Italian Sesame Poly,8,64.98,Banjar Taro Kelod
480,Arabelle Arrell,18.06.2023,aarrelldb@elpais.com,Female,Wine - Riesling Dr. Pauly,20,27.06,Clifden
481,Margeaux Elderfield,04.12.2022,melderfielddc@people.com.cn,Female,Nori Sea Weed,7,81.16,Ualog
482,Yvette Cadwell,30.04.2023,ycadwelldd@odnoklassniki.ru,Female,Wine - Charddonnay Errazuriz,54,17.92,Jiangning
483,Harald Smallpeace,10.10.2023,hsmallpeacede@macromedia.com,Male,Veal - Knuckle,15,65.05,Qingshan
484,Bertha Coupman,31.10.2023,bcoupmandf@about.me,Female,Beer - Heinekin,54,51.61,Vranisht
485,Yalonda Tulleth,23.06.2023,ytullethdg@indiatimes.com,Female,Fruit Salad Deluxe,80,14.58,Gandoang
486,Trumann Fitton,23.10.2023,tfittondh@who.int,Male,"Basil - Dry, Rubbed",58,22.8,Sulūk
487,Noble Acum,21.12.2022,nacumdi@abc.net.au,Male,"Beef - Rouladin, Sliced",37,50.53,Vårby
488,Giffy Follin,27.01.2023,gfollindj@nationalgeographic.com,Male,Rum - Mount Gay Eclipes,6,89.57,Tirhanimîne
489,Saxon Corless,27.01.2023,scorlessdk@youtube.com,Male,The Pop Shoppe - Black Cherry,64,28.88,Tongzilin
490,Tymothy Churching,02.02.2023,tchurchingdl@businesswire.com,Male,Fib N9 - Prague Powder,9,16.24,Barra do Piraí
491,Christiana Keston,10.10.2023,ckestondm@nytimes.com,Female,Container - Clear 16 Oz,98,29.87,Konyshevka
492,Cynthie Lurcock,30.08.2023,clurcockdn@miitbeian.gov.cn,Female,Basil - Fresh,32,7.63,Fuquan
493,Una Jerrams,11.01.2023,ujerramsdo@skype.com,Agender,Mints - Striped Red,43,49.13,Lučina
494,Bernete Nardrup,08.04.2023,bnardrupdp@yellowpages.com,Female,"Pork - Bacon, Double Smoked",32,43.6,Estevan
495,Ellswerth Aleavy,13.07.2023,ealeavydq@harvard.edu,Male,Milk - Skim,34,81.37,Zlonice
496,Kai Zapater,18.06.2023,kzapaterdr@tuttocitta.it,Female,Oven Mitt - 13 Inch,6,73.38,Skövde
497,Carleton Gollin,16.05.2023,cgollinds@fotki.com,Male,"Shrimp - 16/20, Peeled Deviened",53,88.46,Vrangel’
498,Waldon Doutch,26.02.2023,wdoutchdt@phpbb.com,Male,Wine - Chateauneuf Du Pape,31,2.02,Suruhan
499,Jerri Ferrand,08.03.2023,jferranddu@smugmug.com,Male,Soup - Cream Of Broccoli,24,14.26,Agrela
500,Skye Pragnall,01.08.2023,spragnalldv@g.co,Male,Apricots - Halves,75,34.68,Sumisip
501,Welby Jefferd,10.10.2023,wjefferddw@shinystat.com,Male,Table Cloth 62x120 White,54,82.23,Novoselë
502,Frieda Caress,18.02.2023,fcaressdx@stanford.edu,Female,"Lid - 10,12,16 Oz",78,83.7,Pasirdalem
503,Jdavie Keegan,06.07.2023,jkeegandy@yellowbook.com,Male,Apples - Sliced / Wedge,71,66.49,Anchang
504,Jenda Girling,12.05.2023,jgirlingdz@imageshack.us,Female,Nantucket Pine Orangebanana,82,24.66,Bayan Bulag
505,Joceline Najera,18.11.2022,jnajerae0@ebay.co.uk,Female,"Pork - Tenderloin, Fresh",84,66.59,Windsor
506,Renault Barroux,25.02.2023,rbarrouxe1@paypal.com,Male,"Pepper - Red, Finger Hot",86,92.31,Lasek
507,Jefferey Pedrollo,26.12.2022,jpedrolloe2@sitemeter.com,Male,Pastry - Banana Muffin - Mini,18,96.94,Miān Channūn
508,Rahal Coal,23.10.2023,rcoale3@spiegel.de,Female,Radish,10,36.14,Shuangtang
509,Demetri Kestin,23.12.2022,dkestine4@nationalgeographic.com,Male,"Dill - Primerba, Paste",91,58.96,Phu Luang
510,Emmaline Duggan,27.07.2023,eduggane5@ihg.com,Female,Salt - Seasoned,51,86.84,Caiyuan
511,Carlie Needs,31.12.2022,cneedse6@usnews.com,Male,Flour - Rye,93,65.8,Bodzechów
512,Boycey Laughnan,01.06.2023,blaughnane7@yellowpages.com,Male,"Beef - Tongue, Fresh",97,85.26,Tuhe
513,Dyanna Bockmaster,26.06.2023,dbockmastere8@spotify.com,Female,Cheese - Sheep Milk,5,19.65,Owode
514,Enrique Minnette,16.11.2022,eminnettee9@merriam-webster.com,Male,Cocoa Feuilletine,46,17.9,Pedro Juan Caballero
515,Terencio Petricek,28.06.2023,tpetricekea@bluehost.com,Male,Salmon - Canned,29,67.94,Xianyi
516,Spencer Edwick,15.02.2023,sedwickeb@mtv.com,Male,Rice - Brown,6,32.86,Géfyra
517,Baily Dunn,23.03.2023,bdunnec@nytimes.com,Male,"Apple - Delicious, Red",36,42.13,Temblador
518,Schuyler Lyokhin,19.03.2023,slyokhined@craigslist.org,Male,Cranberries - Frozen,9,71.13,San Narciso
519,Lorens Morland,24.04.2023,lmorlandee@indiegogo.com,Polygender,Olives - Kalamata,50,15.9,Waru
520,Jerrylee Fransewich,14.08.2023,jfransewichef@state.gov,Female,Spring Roll Veg Mini,80,60.02,Rydzyna
521,Maximilian Dornan,14.10.2023,mdornaneg@google.ru,Male,"Rum - Coconut, Malibu",11,75.9,Al Mijlad
522,Merridie Shrieves,15.08.2023,mshrieveseh@nba.com,Female,Soup Campbells Turkey Veg.,58,37.82,Skrwilno
523,Jessamyn Sherbrook,23.12.2022,jsherbrookei@mysql.com,Female,Sprouts - China Rose,33,78.27,Fanrong
524,Wilbert Porteous,24.11.2022,wporteousej@wix.com,Male,Pepper - Green Thai,86,96.22,Bandungan Timur
525,Jobina McBeith,14.09.2023,jmcbeithek@pinterest.com,Female,"Jam - Marmalade, Orange",67,92.71,Pilang
526,Cindra Lapides,03.08.2023,clapidesel@dedecms.com,Female,Sauce - Sesame Thai Dressing,75,39.64,Nyköping
527,Matthias Sesons,05.12.2022,msesonsem@joomla.org,Male,Corn Shoots,47,19.86,Dapitan
528,Jacintha Mazey,22.06.2023,jmazeyen@elpais.com,Female,Beef - Striploin Aa,95,49.74,Tours
529,Vern Tickle,18.07.2023,vtickleeo@51.la,Male,Cabbage Roll,31,48.62,Berlin
530,Allistir Crehan,10.07.2023,acrehanep@kickstarter.com,Male,Spice - Montreal Steak Spice,94,58.32,Shah Alam
531,Quinlan Wellstood,18.03.2023,qwellstoodeq@who.int,Male,Lettuce - Sea / Sea Asparagus,89,60.47,Bilicenii Vechi
532,Klement Seeney,26.07.2023,kseeneyer@netvibes.com,Male,Carbonated Water - Raspberry,50,33.08,Ivanishchi
533,Jessie Ghioni,03.03.2023,jghionies@networkadvertising.org,Male,"Red Snapper - Fresh, Whole",3,15.15,Badāmā
534,Rafe Wooffinden,14.03.2023,rwooffindenet@yahoo.com,Polygender,Cheese - Pont Couvert,53,83.28,Zangzhai
535,Kara Grzeszczyk,04.07.2023,kgrzeszczykeu@wiley.com,Female,Liqueur - Melon,13,14.46,Laï
536,Fraser Napolione,14.05.2023,fnapolioneev@china.com.cn,Male,"Pasta - Lasagna Noodle, Frozen",78,30.47,Diavatá
537,Bonni Spieght,13.11.2022,bspieghtew@sogou.com,Female,Onion - Dried,58,53.51,Minneapolis
538,Worden Fleote,19.08.2023,wfleoteex@dagondesign.com,Male,Lettuce - Spring Mix,40,92.27,Frei Paulo
539,Luca Leney,26.10.2023,lleneyey@furl.net,Male,Foam Tray S2,91,32.32,Извор
540,Winifield Strooband,21.03.2023,wstroobandez@ask.com,Genderfluid,Wine - Pinot Noir Stoneleigh,29,39.27,Daleman
541,Appolonia Ferronier,03.03.2023,aferronierf0@slate.com,Female,Asparagus - Mexican,10,86.06,Jabinyānah
542,Isac Braddon,11.04.2023,ibraddonf1@fotki.com,Male,Wine - Chateau Aqueria Tavel,50,95.11,Dongkeng
543,Mart Suddick,26.12.2022,msuddickf2@lycos.com,Male,Longos - Assorted Sandwich,49,37.86,Santa Barbara
544,Hillel Creak,01.01.2023,hcreakf3@cargocollective.com,Male,Raisin - Dark,28,21.09,Tapada das Mercês
545,Tris Cramer,10.07.2023,tcramerf4@constantcontact.com,Male,"Pork - Bacon,back Peameal",84,24.23,Xiaxindian
546,Brandais Houlison,16.11.2022,bhoulisonf5@chron.com,Female,Crawfish,8,3.6,Čelopek
547,Cornie Espin,11.05.2023,cespinf6@apple.com,Female,"Beef - Rib Roast, Capless",11,80.08,Shimen
548,Daniele Shilton,20.05.2023,dshiltonf7@opera.com,Female,Zucchini - Green,20,21.0,Vale de Touros
549,Heinrick Piddocke,10.08.2023,hpiddockef8@npr.org,Male,"Doilies - 10, Paper",8,61.33,Seropédica
550,Garv MacGuiness,22.09.2023,gmacguinessf9@t.co,Male,V8 - Vegetable Cocktail,16,23.73,Tiedonglu
551,Jessey Guyonnet,09.11.2022,jguyonnetfa@topsy.com,Male,Energy Drink,68,49.79,Waitangi
552,Antonino Parks,24.12.2022,aparksfb@comsenz.com,Male,Beer - Paulaner Hefeweisse,36,82.75,Honghai
553,Isadora Dennerly,12.03.2023,idennerlyfc@huffingtonpost.com,Female,Mustard - Individual Pkg,24,81.35,Bolian
554,Simona Brodeur,23.12.2022,sbrodeurfd@gov.uk,Female,Veal - Striploin,54,35.61,Gaoliban
555,Ax Michelin,13.03.2023,amichelinfe@google.es,Male,Wine - Stoneliegh Sauvignon,12,95.08,Valence
556,Brit Stephens,09.12.2022,bstephensff@360.cn,Polygender,Tomato - Tricolor Cherry,32,99.01,Leskovac
557,Llewellyn Kolis,28.08.2023,lkolisfg@360.cn,Male,Galliano,59,27.09,Alabat
558,Rosaline Newtown,15.07.2023,rnewtownfh@nyu.edu,Female,Soup V8 Roasted Red Pepper,13,43.73,Ongjin
559,Monroe Jeffcoate,29.11.2022,mjeffcoatefi@youtube.com,Male,Mix Pina Colada,93,1.36,Linköping
560,Abby Ahren,19.02.2023,aahrenfj@skype.com,Female,"Turkey - Breast, Smoked",45,9.46,Abóboda
561,Cornall Galle,06.09.2023,cgallefk@netscape.com,Male,Pepper - Scotch Bonnet,47,60.54,Tunzhai
562,Eberhard Guirard,08.08.2023,eguirardfl@ftc.gov,Male,Cake - Pancake,66,41.45,Nakhon Phanom
563,Cassaundra Kapelhoff,04.02.2023,ckapelhofffm@imdb.com,Female,Macaroons - Homestyle Two Bit,52,50.74,Sabinópolis
564,Windham Farrance,11.04.2023,wfarrancefn@nifty.com,Male,"Cheese - Romano, Grated",93,67.24,Cihideung Satu
565,Franciska Waddie,16.08.2023,fwaddiefo@walmart.com,Female,"Roe - Lump Fish, Red",5,31.12,Xiaoshiqiao
566,Carmina Timmes,27.11.2022,ctimmesfp@google.co.uk,Non-binary,Shrimp - Black Tiger 13/15,41,11.47,Aix-en-Provence
567,Dorise Cafferty,01.04.2023,dcaffertyfq@squidoo.com,Female,Table Cloth 54x72 White,40,89.2,Minglanilla
568,Jackson Delagnes,08.06.2023,jdelagnesfr@xrea.com,Male,"Shrimp - 16/20, Iqf, Shell On",22,12.85,Manghit
569,Celestyn Shakelady,24.10.2023,cshakeladyfs@multiply.com,Female,Cheese - Gouda Smoked,70,35.92,Xiashu
570,Ringo Tidman,19.03.2023,rtidmanft@elpais.com,Male,The Pop Shoppe - Cream Soda,59,71.79,Krasne
571,Daria Tomik,12.07.2023,dtomikfu@amazon.com,Female,"Pepsi, 355 Ml",32,71.52,Āgaro
572,Horton Feldbrin,25.03.2023,hfeldbrinfv@wufoo.com,Male,Cranberries - Dry,42,86.39,Sagasa
573,Tailor Stonehouse,16.11.2022,tstonehousefw@alexa.com,Male,Beets - Pickled,14,57.87,Meirinhas
574,Giraud Freddi,08.08.2023,gfreddifx@amazon.de,Male,Pepper - Pablano,92,50.55,Rychwał
575,Fifine Duggary,21.09.2023,fduggaryfy@etsy.com,Female,Chef Hat 20cm,79,40.51,Arasji
576,Pearle Sex,13.03.2023,psexfz@indiatimes.com,Female,Cookies - Fortune,1,45.52,Ticaco
577,Blakelee McFeate,07.06.2023,bmcfeateg0@icio.us,Female,Bread - Sour Sticks With Onion,91,99.98,Jinshan
578,Ashby Connue,04.06.2023,aconnueg1@state.gov,Male,Tomato Puree,9,58.82,Karlstad
579,Staffard Pickles,17.06.2023,spicklesg2@google.nl,Male,Cleaner - Bleach,85,94.34,Kuala Lumpur
580,Corrie Moland,29.05.2023,cmolandg3@youtube.com,Female,Beef - Short Ribs,61,11.46,Koshki
581,Bess Titmarsh,23.02.2023,btitmarshg4@economist.com,Female,"Pepper - Julienne, Frozen",16,87.32,Nanortalik
582,Tate Stileman,08.01.2023,tstilemang5@shutterfly.com,Female,Nectarines,38,40.07,Az Zaytūnīyah
583,Pepi McGrath,28.01.2023,pmcgrathg6@springer.com,Female,"Wine - Magnotta, White",15,55.19,Santa Cruz do Capibaribe
584,Datha Cartmill,26.09.2023,dcartmillg7@seesaa.net,Female,Trout - Smoked,63,32.89,Maunuri
585,Lia Wiggett,26.08.2023,lwiggettg8@themeforest.net,Agender,Kiwi,90,17.93,Capâo Bonito
586,Idalina Tift,08.05.2023,itiftg9@wikia.com,Female,"Beef - Ox Tongue, Pickled",35,49.47,Cachí
587,Minnnie Vasse,15.08.2023,mvassega@ted.com,Female,"Chicken - Leg, Fresh",6,73.56,Eṭ Ṭaiyiba
588,Witty Alecock,16.10.2023,walecockgb@virginia.edu,Male,Beans - Soya Bean,73,88.16,Saint Paul
589,Ivar Carlton,25.06.2023,icarltongc@digg.com,Male,Soap - Pine Sol Floor Cleaner,38,43.26,Luleå
590,Amity Boultwood,04.07.2023,aboultwoodgd@berkeley.edu,Female,Peas - Frozen,88,35.22,Wārāh
591,Elenore Brothwell,26.08.2023,ebrothwellge@dmoz.org,Female,Tomato - Plum With Basil,67,89.64,Oslo
592,Braden Danovich,30.05.2023,bdanovichgf@accuweather.com,Male,Pate Pans Yellow,82,63.1,Krasnokuts’k
593,Roderigo Kiley,16.08.2023,rkileygg@multiply.com,Male,Wiberg Super Cure,82,88.17,Zselickislak
594,Cam Cawtheray,14.11.2022,ccawtheraygh@a8.net,Male,Chocolate - White,23,26.63,Thị Trấn Yên Châu
595,Piggy Murby,27.07.2023,pmurbygi@hubpages.com,Male,Scampi Tail,40,48.05,Pacaycasa
596,Annette Maciak,02.10.2023,amaciakgj@yolasite.com,Female,Contreau,23,75.02,Legok
597,Sara Clissold,14.12.2022,sclissoldgk@t-online.de,Female,Pastry - Lemon Danish - Mini,69,57.57,Nanterre
598,Nessie Enric,13.09.2023,nenricgl@woothemes.com,Genderfluid,Cocoa Powder - Dutched,79,50.3,Tisco
599,Donelle Kohtler,19.07.2023,dkohtlergm@disqus.com,Female,Muffin - Carrot Individual Wrap,13,98.97,Tamandaré
600,Charles Shedd,02.02.2023,csheddgn@guardian.co.uk,Male,Wine - Touraine Azay - Le - Rideau,95,91.38,Lupane
601,Bret Bircher,18.02.2023,bbirchergo@mail.ru,Male,Soap - Mr.clean Floor Soap,75,93.1,Guder
602,Thorin O'Ferris,25.07.2023,toferrisgp@house.gov,Male,Beer - Upper Canada Lager,5,56.05,Karanganyar
603,Martha Hymas,06.09.2023,mhymasgq@un.org,Female,Oil - Sesame,100,27.24,Sōja
604,Lorianne Hare,26.12.2022,lharegr@cpanel.net,Female,Compound - Rum,11,90.7,Tagawa
605,Rudolph Agates,21.05.2023,ragatesgs@thetimes.co.uk,Male,Carbonated Water - Raspberry,34,60.6,Rundeng
606,Aland McComb,06.10.2023,amccombgt@weather.com,Male,Grapes - Green,13,42.36,Löddeköpinge
607,Angelo Justice,07.05.2023,ajusticegu@cbslocal.com,Male,Energy Drink Bawls,83,36.49,Geshan
608,Emmeline McCoughan,03.12.2022,emccoughangv@vk.com,Female,Banana Turning,24,86.16,Bagumbayan
609,Natty Clouter,23.10.2023,ncloutergw@springer.com,Male,"Soup - Knorr, Country Bean",50,63.62,Wijewo
610,Audrye Salmen,31.10.2023,asalmengx@hhs.gov,Non-binary,"Chestnuts - Whole,canned",95,25.19,Gävle
611,Heath Cristobal,26.08.2023,hcristobalgy@bloglovin.com,Male,Bread - Pain Au Liat X12,38,52.51,Babagan
612,Donnajean Gipson,16.02.2023,dgipsongz@yelp.com,Female,"Wine - Red, Mouton Cadet",19,19.3,Kuala Lumpur
613,Krissy Exall,02.02.2023,kexallh0@narod.ru,Female,Veal - Eye Of Round,6,16.21,Augustów
614,Thorn Apperley,02.03.2023,tapperleyh1@stanford.edu,Male,Squash - Sunburst,20,79.49,Stockholm
615,Ware Reap,22.10.2023,wreaph2@t.co,Male,Bacardi Raspberry,65,51.45,Buenavista
616,Berna Delmonti,22.05.2023,bdelmontih3@ustream.tv,Female,Fudge - Cream Fudge,25,51.76,Famatina
617,Venus Kalker,07.02.2023,vkalkerh4@weebly.com,Female,V8 Splash Strawberry Kiwi,91,58.79,Berëzovka
618,Marti Goseling,07.03.2023,mgoselingh5@networkadvertising.org,Female,Thermometer Digital,89,58.87,Xinglongjie
619,Valle Newbury,22.12.2022,vnewburyh6@independent.co.uk,Male,Table Cloth 72x144 White,21,71.66,Yaté-Barrage
620,Jerrome Marchelli,13.10.2023,jmarchellih7@twitpic.com,Male,Tart - Lemon,95,27.54,Purwojoyo
621,Bird Americi,07.07.2023,bamericih8@discuz.net,Female,Water - Spring 1.5lit,62,17.22,Oehala
622,Madelena Burds,07.11.2022,mburdsh9@unesco.org,Female,Dome Lid Clear P92008h,78,50.24,Nōgata
623,Colleen De Bruyn,09.06.2023,cdeha@i2i.jp,Female,"Pork - Ham, Virginia",20,97.41,Kuybyshev
624,Merrili Paterson,27.11.2022,mpatersonhb@engadget.com,Female,Bacardi Raspberry,23,63.32,Ust’-Ilimsk
625,Jeth Mundle,27.09.2023,jmundlehc@chron.com,Male,Lettuce - Belgian Endive,55,96.59,Humpolec
626,Karen Focke,22.02.2023,kfockehd@edublogs.org,Female,"Pork - Bacon,back Peameal",18,66.09,Chyżne
627,Tonye Nund,08.05.2023,tnundhe@dropbox.com,Genderqueer,"Mushroom - Morels, Dry",27,31.0,Casais Baleal
628,Valentin Axby,02.01.2023,vaxbyhf@livejournal.com,Male,Mustard - Individual Pkg,29,49.92,Luz de Tavira
629,Dayna Hubert,11.01.2023,dhuberthg@hostgator.com,Female,Wine - Soave Folonari,18,12.57,Lenart v Slov. Goricah
630,Vassily Vandrill,18.09.2023,vvandrillhh@123-reg.co.uk,Male,Ice Cream - Vanilla,85,30.31,Yungay
631,Lanny Ostick,01.08.2023,lostickhi@tinyurl.com,Female,Ice Cream Bar - Hagen Daz,94,49.65,Biritiba Mirim
632,Travus Cheney,13.01.2023,tcheneyhj@squarespace.com,Male,Wine - Magnotta - Bel Paese White,41,34.02,Mulandoro
633,Joete Aleksashin,17.05.2023,jaleksashinhk@networksolutions.com,Bigender,Lemon Grass,97,91.55,Daxi
634,Tabb Cuddehy,22.02.2023,tcuddehyhl@a8.net,Male,"Shrimp - 16 - 20 Cooked, Peeled",94,18.31,Villa Mercedes
635,Gibbie Wrightham,28.12.2022,gwrighthamhm@va.gov,Male,Tomatoes,61,42.98,Nasilava
636,Carline Windle,30.06.2023,cwindlehn@si.edu,Bigender,Wine - Ruffino Chianti Classico,35,87.26,Salcedo
637,Maddi Van Zon,29.08.2023,mvanho@wunderground.com,Female,Spinach - Frozen,69,91.29,Wujiao
638,Niels Kelner,28.03.2023,nkelnerhp@miitbeian.gov.cn,Male,Honey - Lavender,29,29.07,Louveira
639,Dougy Farrance,07.09.2023,dfarrancehq@msn.com,Male,Nori Sea Weed - Gold Label,51,63.36,Dordrecht
640,Maximilian Gates,23.07.2023,mgateshr@seattletimes.com,Male,Wine - Champagne Brut Veuve,28,15.11,Pushkinskiye Gory
641,Nonie Cudworth,28.06.2023,ncudworthhs@diigo.com,Female,Beans - Butter Lrg Lima,89,67.19,Poncokusumo
642,Fonsie Le Marchand,07.02.2023,fleht@yandex.ru,Male,Langers - Cranberry Cocktail,63,94.57,Nanshe
643,Rory Ipgrave,13.02.2023,ripgravehu@patch.com,Polygender,"Fish - Base, Bouillion",63,12.13,Gabao
644,Lia Patrie,01.12.2022,lpatriehv@vk.com,Female,"Cheese - Woolwich Goat, Log",81,43.09,Xiangquan
645,Cleavland Loveday,17.05.2023,clovedayhw@indiegogo.com,Male,Carbonated Water - White Grape,64,1.89,Strzelce Krajeńskie
646,Ali O'Mohun,12.12.2022,aomohunhx@oakley.com,Male,"Cup - 3.5oz, Foam",76,47.37,Chilecito
647,Davon Cabena,17.12.2022,dcabenahy@nifty.com,Male,Herb Du Provence - Primerba,57,85.59,Chimboy Shahri
648,Margaretha Swansbury,24.11.2022,mswansburyhz@deviantart.com,Genderqueer,Flour - Whole Wheat,76,36.12,Grivenskaya
649,Meade Drohane,08.04.2023,mdrohanei0@typepad.com,Male,Lamb Tenderloin Nz Fr,64,41.43,Lengkongsari
650,Malena Bielefeld,12.04.2023,mbielefeldi1@census.gov,Female,"Lentils - Green, Dry",91,9.07,Bor Tungge
651,Jasen Welburn,04.05.2023,jwelburni2@t.co,Non-binary,"Soda Water - Club Soda, 355 Ml",93,94.6,Zhongling
652,Lorilee Klejna,09.04.2023,lklejnai3@adobe.com,Polygender,Versatainer Nc - 8288,84,62.17,Mpigi
653,Kimberlee McAteer,20.04.2023,kmcateeri4@fotki.com,Female,Teriyaki Sauce,23,6.04,‘Awartā
654,Charlie Enderby,03.09.2023,cenderbyi5@ca.gov,Genderqueer,Island Oasis - Ice Cream Mix,97,76.02,Bunder
655,Nicky Langlais,21.10.2023,nlanglaisi6@dot.gov,Male,Wine - Red Oakridge Merlot,9,24.32,Partikan
656,Carmela Sidary,13.04.2023,csidaryi7@washingtonpost.com,Female,Whmis - Spray Bottle Trigger,82,32.61,Pedinó
657,Timmi Howerd,05.07.2023,thowerdi8@youtube.com,Female,Rolled Oats,20,17.0,Trollhättan
658,Hammad Pryde,19.02.2023,hprydei9@state.gov,Genderqueer,Muffin - Mix - Strawberry Rhubarb,46,38.59,Raejeru
659,Freeman Edgeson,02.08.2023,fedgesonia@rambler.ru,Male,"Chicken - Base, Ultimate",66,65.95,Dongdu
660,Edgard Leonarde,11.08.2023,eleonardeib@webs.com,Male,Beef Striploin Aaa,52,61.53,Villa María
661,Hewet Crolly,03.04.2023,hcrollyic@nasa.gov,Male,Wine - Remy Pannier Rose,89,68.48,Aībak
662,Gayla Gadie,23.12.2022,ggadieid@ca.gov,Female,Ecolab - Hobart Washarm End Cap,85,34.44,Envigado
663,Alexandra Regus,01.03.2023,aregusie@ustream.tv,Female,Oneshot Automatic Soap System,11,17.94,Ewarton
664,Rivalee Scolli,21.05.2023,rscolliif@whitehouse.gov,Female,"Cod - Salted, Boneless",15,38.58,Bang Rakam
665,Mozelle Buddock,08.11.2022,mbuddockig@stanford.edu,Female,Sloe Gin - Mcguinness,35,62.88,Obryte
666,Goldy Dallas,06.06.2023,gdallasih@opera.com,Female,"Lamb - Whole, Fresh",44,5.04,Stockholm
667,Charmion Legg,27.11.2022,cleggii@quantcast.com,Female,Dried Figs,89,25.98,Takahashi
668,Germayne Toke,17.08.2023,gtokeij@1688.com,Male,Squid - U - 10 Thailand,99,45.07,Chuanxi
669,Carlina Maly,16.01.2023,cmalyik@china.com.cn,Female,"Lettuce - Mini Greens, Whole",8,6.2,Jeziorany
670,Wynny Hessentaler,11.09.2023,whessentaleril@sogou.com,Female,Kohlrabi,57,42.49,Tlumačov
671,Janene Gotter,31.08.2023,jgotterim@si.edu,Female,"Bread - White, Unsliced",67,93.44,Perpignan
672,Feodor Vigours,05.02.2023,fvigoursin@networkadvertising.org,Male,Squash - Pepper,13,66.86,Balibago
673,Bayard Jeffreys,30.03.2023,bjeffreysio@cyberchimps.com,Male,Longos - Chicken Caeser Salad,81,42.38,Guatraché
674,Alica Alejandre,08.03.2023,aalejandreip@xrea.com,Female,Toothpick Frilled,84,58.84,Mojolampir
675,Bella Gwalter,26.10.2023,bgwalteriq@ft.com,Female,Pepper - Red Thai,38,75.74,Dulovo
676,Aaron Imlaw,27.03.2023,aimlawir@yellowbook.com,Male,"Pork - Back, Short Cut, Boneless",75,39.53,Paris 05
677,Monty Ibbitt,05.06.2023,mibbittis@auda.org.au,Male,Crab Meat Claw Pasteurise,27,28.28,Pingyi
678,Celestyna Standage,17.07.2023,cstandageit@gmpg.org,Female,Cheese - Parmigiano Reggiano,45,10.54,Solidaridad
679,Clarita Laminman,13.09.2023,claminmaniu@washington.edu,Female,Grapes - Green,72,75.94,Voyskovitsy
680,Wendell Tarply,28.08.2023,wtarplyiv@cargocollective.com,Male,Longos - Lasagna Veg,11,56.72,Zhamog
681,Connie Decort,17.04.2023,cdecortiw@ed.gov,Male,Wine La Vielle Ferme Cote Du,41,11.99,Dusun Desa Bunter
682,Tybalt O' Mullan,27.08.2023,toix@is.gd,Male,Cookies Cereal Nut,37,59.65,Bagumbayan
683,Kaile Harlick,11.11.2022,kharlickiy@vistaprint.com,Female,Potatoes - Mini White 3 Oz,6,17.41,Pokrovskoye
684,Heinrick Reuss,10.08.2023,hreussiz@ebay.co.uk,Male,"Club Soda - Schweppes, 355 Ml",70,43.21,Eshowe
685,Dugald Yellep,15.08.2023,dyellepj0@theglobeandmail.com,Male,Calypso - Pineapple Passion,1,41.2,Gaoshi
686,Tobiah Remmers,20.05.2023,tremmersj1@free.fr,Male,Wine - Coteaux Du Tricastin Ac,23,96.91,Outlook
687,Debra Lindores,09.05.2023,dlindoresj2@furl.net,Female,Garbage Bag - Clear,40,82.4,Bokkos
688,Kerry Hancill,10.05.2023,khancillj3@t.co,Male,Towels - Paper / Kraft,11,17.74,Minshan
689,Jami Petegree,31.03.2023,jpetegreej4@bloglines.com,Female,Cookie Dough - Peanut Butter,49,92.98,Yabēlo
690,Conny Lenormand,10.11.2022,clenormandj5@mysql.com,Female,"Lobster - Baby, Boiled",87,13.4,Donghai
691,Helenelizabeth Harriot,13.08.2023,hharriotj6@cloudflare.com,Female,Soup - Campbells - Chicken Noodle,60,89.95,Longguang
692,Rodina Tesmond,04.06.2023,rtesmondj7@blogger.com,Genderfluid,Sauce - Alfredo,32,19.16,Nueva Arica
693,Audra Polin,21.06.2023,apolinj8@pcworld.com,Female,Kale - Red,93,99.09,Thompson
694,Normy O'Finan,23.08.2023,nofinanj9@lulu.com,Male,Lotus Rootlets - Canned,47,16.15,Businovo
695,Hansiain O'Hagan,25.06.2023,hohaganja@ustream.tv,Male,Sugar - Icing,100,13.6,Dongcheng
696,Jessamine Kirrage,12.11.2022,jkirragejb@hugedomains.com,Female,"Jam - Raspberry,jar",47,36.18,Orange Walk
697,Bran Kincade,29.01.2023,bkincadejc@tinypic.com,Male,Shortbread - Cookie Crumbs,79,73.77,Shazi
698,Lora Ebbens,28.02.2023,lebbensjd@state.tx.us,Female,Bacardi Raspberry,15,57.12,Nyima
699,Adorne Marcome,18.07.2023,amarcomeje@macromedia.com,Female,Rolled Oats,91,42.65,Narsaq
700,Zachariah Cathenod,13.12.2022,zcathenodjf@hhs.gov,Male,Quail Eggs - Canned,77,97.08,Luklukan
701,Ruthie Braysher,04.05.2023,rbraysherjg@narod.ru,Agender,Ecolab Digiclean Mild Fm,70,92.97,Wenwusha
702,Koenraad Vidyapin,24.03.2023,kvidyapinjh@shareasale.com,Genderqueer,"Tea - Darjeeling, Azzura",1,92.31,Gonbad-e Kāvūs
703,Kristofor Semechik,21.01.2023,ksemechikji@linkedin.com,Male,"Wine - Red, Antinori Santa",82,73.04,Shushenskoye
704,Ethan Devereu,04.12.2022,edevereujj@163.com,Genderqueer,Melon - Cantaloupe,8,30.79,Duczki
705,Geraldine Beloe,02.05.2023,gbeloejk@squarespace.com,Female,Broccoli - Fresh,99,71.15,Lyntupy
706,Skipper Duce,10.03.2023,sducejl@answers.com,Male,"Tart Shells - Savory, 2",51,27.63,Rio de Janeiro
707,Keri Ibel,18.12.2022,kibeljm@home.pl,Female,Pork - Side Ribs,91,24.25,Thionville
708,Hewe Scholig,22.06.2023,hscholigjn@economist.com,Male,Smoked Tongue,89,89.55,Norashen
709,Yolane Jolliffe,06.10.2023,yjolliffejo@uiuc.edu,Female,Green Scrubbie Pad H.duty,14,73.85,Benito Juarez
710,Vassili Matuszak,10.07.2023,vmatuszakjp@addthis.com,Male,Mousse - Banana Chocolate,31,77.58,Włosienica
711,Ruy Duffan,23.01.2023,rduffanjq@deviantart.com,Bigender,Bread - Sour Batard,12,75.11,Duki
712,Caryn Mayze,10.10.2023,cmayzejr@altervista.org,Female,Bread - Ciabatta Buns,73,51.04,Al Jīzah
713,Adrian Sanbrook,23.07.2023,asanbrookjs@phoca.cz,Female,Water - Spring Water 500ml,39,19.46,Jednorożec
714,Vina Nurcombe,26.02.2023,vnurcombejt@google.pl,Female,Cheese Cloth,52,48.49,Ostrów Lubelski
715,Rowena Caulket,05.02.2023,rcaulketju@scientificamerican.com,Female,Plastic Arrow Stir Stick,61,53.87,Além
716,Charil Brittain,07.09.2023,cbrittainjv@jalbum.net,Female,Cumin - Whole,3,1.17,Vandœuvre-lès-Nancy
717,Jed Mott,03.05.2023,jmottjw@furl.net,Male,Wine - Two Oceans Sauvignon,95,10.16,Isesaki
718,Jessalin Tripney,16.05.2023,jtripneyjx@mashable.com,Female,Eggplant Oriental,15,83.52,Adolfo Ruiz Cortines
719,Estrella Milstead,10.10.2023,emilsteadjy@cloudflare.com,Female,Chips - Doritos,74,1.22,Jabal os Saraj
720,Stanly Ronchka,10.02.2023,sronchkajz@weather.com,Male,Sauce - Sesame Thai Dressing,83,82.35,Zaragoza
721,Rikki Ricket,22.01.2023,rricketk0@multiply.com,Female,"Artichokes - Knobless, White",31,59.47,Xinzhou
722,Edna Mehew,23.09.2023,emehewk1@squidoo.com,Female,Cabbage - Nappa,59,66.79,Vĩnh Tường
723,Corbet Woodruffe,30.08.2023,cwoodruffek2@plala.or.jp,Male,Bread - Bistro White,58,71.0,Beauceville
724,Casie McCaughan,23.04.2023,cmccaughank3@eepurl.com,Female,"Soup - Knorr, French Onion",96,67.48,Pigeiros
725,Elsey Alessandretti,20.03.2023,ealessandrettik4@is.gd,Female,Sping Loaded Cup Dispenser,22,53.97,Pavino
726,Alric Keysall,01.02.2023,akeysallk5@mapquest.com,Agender,"Wine - Red, Pinot Noir, Chateau",9,75.66,Longwood
727,Brenden Clement,24.03.2023,bclementk6@sohu.com,Male,"Chicken - Thigh, Bone In",13,64.73,København
728,Jana Bruinsma,04.08.2023,jbruinsmak7@sohu.com,Female,"Tart Shells - Sweet, 3",84,29.05,Zubūbah
729,Fran Wooland,23.07.2023,fwoolandk8@a8.net,Female,Curry Paste - Madras,43,8.87,Atlasovo
730,Gennie Chapelle,02.09.2023,gchapellek9@hhs.gov,Female,Ecolab - Mikroklene 4/4 L,39,32.52,Akashi
731,Eudora Threadgall,31.01.2023,ethreadgallka@jimdo.com,Female,Eggplant Italian,69,55.75,Kara Suu
732,Pacorro Zelley,09.12.2022,pzelleykb@t.co,Male,Bread - Triangle White,28,64.93,Perivólia
733,Odell Srutton,17.05.2023,osruttonkc@last.fm,Polygender,Muffins - Assorted,93,79.29,Faaone
734,Corry Andrusov,02.11.2023,candrusovkd@google.ru,Female,Pimento - Canned,27,25.31,Bergen
735,Kristopher Croome,05.11.2023,kcroomeke@wordpress.com,Male,Pepper - Scotch Bonnet,1,70.45,Souto
736,Kile Baudino,22.05.2023,kbaudinokf@jimdo.com,Male,Mustard - Pommery,52,84.35,Kaduheuleut
737,Bettine Jarrel,03.01.2023,bjarrelkg@mashable.com,Female,Eel Fresh,83,55.87,La Falda
738,Dela Castard,01.01.2023,dcastardkh@comsenz.com,Non-binary,Ginger - Pickled,57,76.98,Lokorae
739,Daffi Rewan,09.06.2023,drewanki@walmart.com,Female,"Lamb - Whole, Frozen",54,17.83,Radzyń Chełmiński
740,Theodore Gathwaite,14.08.2023,tgathwaitekj@aol.com,Male,Bag Clear 10 Lb,31,11.53,Rudnik
741,Celestia Lambirth,21.09.2023,clambirthkk@auda.org.au,Female,Bouq All Italian - Primerba,39,67.9,Ágios Spyrídon
742,Kyrstin Phonix,19.12.2022,kphonixkl@cyberchimps.com,Polygender,Wine - Vouvray Cuvee Domaine,86,14.84,Ar Rass
743,Ardys Caldes,02.04.2023,acaldeskm@tuttocitta.it,Bigender,Pastry - Mini French Pastries,93,9.21,Qiancang
744,Ammamaria Dayes,11.11.2022,adayeskn@columbia.edu,Female,"Pasta - Bauletti, Chicken White",86,3.3,Bailuquan
745,Tulley Stanistrete,10.04.2023,tstanistreteko@fema.gov,Male,Crab - Meat,3,99.99,Makarov
746,Michelina Jurgen,08.06.2023,mjurgenkp@telegraph.co.uk,Female,Beef - Prime Rib Aaa,10,52.4,Bazha
747,Taffy Emerine,21.07.2023,temerinekq@jiathis.com,Female,"Lemonade - Kiwi, 591 Ml",42,90.99,San Nicolas
748,Bella Howsam,19.05.2023,bhowsamkr@t-online.de,Female,Paste - Black Olive,51,54.56,Novopodrezkovo
749,Vaclav Speechly,17.08.2023,vspeechlyks@wisc.edu,Male,Sole - Iqf,89,48.11,Atlanta
750,Dunc Sabberton,31.10.2023,dsabbertonkt@jiathis.com,Male,"Sauce - White, Mix",61,30.76,Tarbagatay
751,Joela Mc Meekan,15.05.2023,jmcku@nsw.gov.au,Female,Turkey Leg With Drum And Thigh,41,28.45,At-Bashi
752,Friedrick Proffitt,07.11.2022,fproffittkv@indiegogo.com,Polygender,Nantucket Pine Orangebanana,12,64.51,Fosca
753,Redford Verdy,07.12.2022,rverdykw@statcounter.com,Male,Bread - Flat Bread,99,22.25,Dusun Tengah Cihaurbeuti
754,Adiana Samet,16.09.2023,asametkx@independent.co.uk,Female,Island Oasis - Sweet And Sour Mix,76,14.91,Ampelgading
755,Cherey Hissie,26.09.2023,chissieky@weather.com,Female,"Beans - Kidney, Canned",68,28.01,Grand Rapids
756,Elliot Raithbie,17.04.2023,eraithbiekz@who.int,Male,"Nut - Cashews, Whole, Raw",62,13.06,Sidomulyo
757,Deina Jarrelt,10.04.2023,djarreltl0@youtube.com,Female,Olives - Morracan Dired,59,38.36,Neuilly-sur-Seine
758,Kipper Broadbere,24.12.2022,kbroadberel1@microsoft.com,Male,Corn Shoots,43,26.63,Leonídio
759,Avrom Draysey,29.06.2023,adrayseyl2@naver.com,Male,Pecan Raisin - Tarts,53,15.23,São José
760,Rutter Springett,26.02.2023,rspringettl3@marketwatch.com,Male,Salmon - Fillets,18,76.79,Misasi
761,Merwyn Shankland,03.08.2023,mshanklandl4@discuz.net,Male,Cheese - St. Paulin,23,36.63,Shimodate
762,Marsiella Scurfield,29.11.2022,mscurfieldl5@comcast.net,Female,Rabbit - Frozen,74,39.12,Xinzhu
763,Ashlee Rothera,26.09.2023,arotheral6@ning.com,Female,Spice - Greek 1 Step,23,76.87,Zamarski
764,Danita Rickis,17.01.2023,drickisl7@disqus.com,Agender,Wine - Saint Emilion Calvet,99,95.91,Tipolo
765,Nicky Wildey,06.06.2023,nwildeyl8@mlb.com,Polygender,Lamb - Loin Chops,19,80.1,Santa Helena de Goiás
766,Lesli Felce,05.06.2023,lfelcel9@uiuc.edu,Female,Beef - Tender Tips,55,76.54,Pefkochóri
767,Marleah Cardno,08.07.2023,mcardnola@typepad.com,Female,Cheese - Gouda Smoked,67,93.56,Taling
768,Hunfredo Eliasen,28.11.2022,heliasenlb@cargocollective.com,Male,Wine - Gato Negro Cabernet,37,41.52,Nagoya-shi
769,Natividad Smitheman,12.08.2023,nsmithemanlc@paginegialle.it,Female,Pork - Ground,89,21.13,Bumpe
770,Rayner Daughton,12.01.2023,rdaughtonld@merriam-webster.com,Male,Muffin Hinge 117n,1,80.45,Tepal
771,Hieronymus Utridge,27.08.2023,hutridgele@about.me,Male,Sugar - Individual Portions,71,75.58,Leon
772,Ange Couttes,07.10.2023,acoutteslf@ted.com,Male,Sugar - Individual Portions,99,17.09,Taibao
773,Sile Pidler,27.11.2022,spidlerlg@wikimedia.org,Female,Soup - Campbells Asian Noodle,100,26.54,Cileueur
774,Erny Doring,09.11.2022,edoringlh@naver.com,Male,Oil - Cooking Spray,5,71.0,Poříčí nad Sázavou
775,Wileen Formigli,13.04.2023,wformiglili@live.com,Female,Oil - Coconut,40,88.03,Nyköping
776,Christa Mellem,17.03.2023,cmellemlj@hao123.com,Female,Spice - Onion Powder Granulated,61,20.06,Golek
777,Lonnie Pelcheur,05.10.2023,lpelcheurlk@europa.eu,Male,Sour Cream,35,1.99,Ylöjärvi
778,Duffie Nightingale,12.06.2023,dnightingalell@ebay.co.uk,Male,Bread - Granary Small Pull,41,49.96,Tohautu
779,Devin Gronno,14.06.2023,dgronnolm@livejournal.com,Male,Mousse - Passion Fruit,94,56.34,Toulouse
780,Wallie Begwell,27.12.2022,wbegwellln@free.fr,Female,Wine - Maipo Valle Cabernet,31,62.52,Zengfu
781,Quintina Witcombe,20.07.2023,qwitcombelo@nifty.com,Female,Ham - Procutinni,8,15.14,Paris 06
782,Brynn Vigus,07.01.2023,bviguslp@aol.com,Female,"Nut - Pistachio, Shelled",10,25.86,Knivsta
783,Lucinda Coning,24.12.2022,lconinglq@nih.gov,Female,Evaporated Milk - Skim,35,84.22,Mahalapye
784,Pierson Szymanek,31.08.2023,pszymaneklr@istockphoto.com,Male,Wine - Saint Emilion Calvet,54,54.57,Dahongmen
785,Emilie Hook,14.04.2023,ehookls@xing.com,Female,Appetizer - Mango Chevre,52,18.49,Summerland
786,Angelo Reymers,26.01.2023,areymerslt@sciencedirect.com,Male,Beans - Green,16,98.47,Zhongxiao
787,Keefe Durgan,13.10.2023,kdurganlu@opensource.org,Male,Guinea Fowl,98,39.38,Talnakh
788,Stu Uvedale,08.09.2023,suvedalelv@usgs.gov,Male,Hipnotiq Liquor,14,9.52,Renhe
789,Salomo McTerlagh,21.04.2023,smcterlaghlw@networkadvertising.org,Male,Aspic - Light,13,66.05,Malešići
790,Flossy Edmund,19.01.2023,fedmundlx@rediff.com,Female,Wine - Sake,96,67.38,Mislak
791,Gaynor Lampel,24.10.2023,glampelly@npr.org,Female,"Lemonade - Kiwi, 591 Ml",87,76.17,Liutangting
792,Inez Snellman,14.05.2023,isnellmanlz@zdnet.com,Female,Cookie Dough - Chunky,74,25.43,Jamundí
793,Silvan McMillan,25.07.2023,smcmillanm0@hatena.ne.jp,Male,Bread - Multigrain,56,15.53,Huayuan
794,Peggie Pease,08.09.2023,ppeasem1@wisc.edu,Female,"Melon - Watermelon, Seedless",35,14.39,Kudang
795,Maison Petticrew,04.03.2023,mpetticrewm2@jimdo.com,Male,Cake - Miini Cheesecake Cherry,96,7.61,Kasimov
796,Beitris Joannic,18.04.2023,bjoannicm3@imageshack.us,Female,Juice - Cranberry 284ml,44,91.47,Goussainville
797,Elisa Barus,06.06.2023,ebarusm4@cyberchimps.com,Non-binary,Beer - Pilsner Urquell,80,67.59,Bandhagen
798,Wiatt Auchterlonie,19.04.2023,wauchterloniem5@nydailynews.com,Male,"Turkey - Whole, Fresh",84,27.67,El Quetzal
799,Emogene Vondrach,30.01.2023,evondrachm6@stanford.edu,Female,"Nut - Pistachio, Shelled",32,33.78,Thị Trấn Tân Yên
800,Yancy Baughen,14.11.2022,ybaughenm7@mashable.com,Male,Apple - Fuji,18,12.71,Zhendeqiao
801,Dulciana Shalders,23.03.2023,dshaldersm8@usgs.gov,Female,"Nut - Almond, Blanched, Whole",13,72.59,Porto União
802,Duane Secretan,23.09.2023,dsecretanm9@independent.co.uk,Male,Celery,75,31.06,Fovissste
803,Marrissa Wrathall,24.08.2023,mwrathallma@blogger.com,Female,"Chicken - Leg, Fresh",4,57.1,Binguang
804,Tamma Gannon,17.01.2023,tgannonmb@mit.edu,Female,Mcguinness - Blue Curacao,7,94.68,Barberton
805,Alvan Stainfield,19.01.2023,astainfieldmc@mayoclinic.com,Genderfluid,Milk Powder,52,76.73,Gaotuan
806,York Whitten,22.06.2023,ywhittenmd@desdev.cn,Male,The Pop Shoppe Pinapple,15,88.51,Sillamäe
807,Addi Coard,25.10.2023,acoardme@indiatimes.com,Bigender,Muffin Mix - Corn Harvest,51,37.64,Taibai
808,Pearle Rodgman,02.02.2023,prodgmanmf@godaddy.com,Female,French Pastries,12,19.56,Ubajami
809,Eilis Blasius,20.09.2023,eblasiusmg@whitehouse.gov,Female,Water - Green Tea Refresher,91,54.62,Independencia
810,Alanah Druett,10.10.2023,adruettmh@360.cn,Female,"Wine - White, Cooking",78,31.9,Bailiang
811,Shaylyn Arent,11.02.2023,sarentmi@amazonaws.com,Female,Dill Weed - Fresh,21,18.75,Sibulan
812,Shelden Lincoln,04.11.2023,slincolnmj@seesaa.net,Male,Bar - Granola Trail Mix Fruit Nut,83,65.16,El Hajeb
813,Albrecht Delf,21.12.2022,adelfmk@cbsnews.com,Male,Cranberries - Frozen,95,17.27,Ciudad Ojeda
814,Jermaine Wishart,20.10.2023,jwishartml@pcworld.com,Male,Pork - Backfat,71,13.46,Klinan
815,Cordelie Oldfield,14.03.2023,coldfieldmm@trellian.com,Female,"Wine - Red, Wolf Blass, Yellow",98,24.43,Komsomolets
816,Cornell Hairesnape,19.05.2023,chairesnapemn@timesonline.co.uk,Male,"Pasta - Rotini, Dry",54,48.59,Krajan
817,Brook Chislett,26.06.2023,bchislettmo@ocn.ne.jp,Female,Knife Plastic - White,52,91.12,Mirabel
818,Clywd Dunne,13.11.2022,cdunnemp@noaa.gov,Male,Chocolate Bar - Coffee Crisp,97,37.4,Gazanjyk
819,Xever Greenrde,31.10.2023,xgreenrdemq@huffingtonpost.com,Male,Gherkin - Sour,44,56.3,Bascaron
820,Barb Trustram,25.02.2023,btrustrammr@bloglines.com,Polygender,Lamb - Shanks,75,58.42,Conde
821,Odilia Buttery,19.10.2023,obutteryms@dailymotion.com,Female,Versatainer Nc - 9388,48,81.22,Ballinteer
822,Clementina Yglesia,29.08.2023,cyglesiamt@opera.com,Bigender,Cookies Almond Hazelnut,13,52.84,Valado dos Frades
823,Fredra McNeachtain,05.10.2023,fmcneachtainmu@tripod.com,Female,"Lamb - Whole Head Off,nz",96,30.48,Jokkmokk
824,Parrnell Petticrew,14.02.2023,ppetticrewmv@fastcompany.com,Male,Pear - Halves,21,10.33,Akashi
825,Sonnnie Hartshorn,07.11.2022,shartshornmw@gov.uk,Female,Wine - Rioja Campo Viejo,1,94.23,Bordeaux
826,Gannon Wise,21.12.2022,gwisemx@multiply.com,Agender,"Vermouth - White, Cinzano",54,93.64,Fabianki
827,Ashely Granger,22.10.2023,agrangermy@cocolog-nifty.com,Female,Ice Cream - Fudge Bars,74,60.69,Lafiagi
828,Terrence Moulin,29.12.2022,tmoulinmz@sciencedaily.com,Male,Tomatoes - Heirloom,22,77.63,Citasuk
829,Colline Surmeyers,10.08.2023,csurmeyersn0@artisteer.com,Female,Radish,16,7.84,Qijing
830,Manolo Gentsch,06.04.2023,mgentschn1@nifty.com,Male,Chocolate Bar - Smarties,17,10.25,Bāglung
831,Horatius Jacqueme,03.01.2023,hjacquemen2@google.it,Male,Cream - 10%,45,68.0,Ždánice
832,Annetta Adolphine,05.02.2023,aadolphinen3@gizmodo.com,Bigender,Extract - Almond,65,52.92,München
833,Kellina Gyer,06.07.2023,kgyern4@goo.ne.jp,Female,Fennel - Seeds,91,69.58,Aībak
834,Shell MacQueen,28.10.2023,smacqueenn5@soundcloud.com,Male,Lettuce - Boston Bib,56,35.38,Qianguo
835,Wernher Kewley,12.02.2023,wkewleyn6@tmall.com,Male,Veal - Knuckle,49,79.98,Songkeng
836,Colas Inskipp,26.09.2023,cinskippn7@goo.gl,Male,Wine - Peller Estates Late,38,81.48,Hato Mayor del Rey
837,Marybelle Beves,24.11.2022,mbevesn8@mashable.com,Bigender,Glaze - Clear,90,11.86,Metz
838,Evan Etridge,26.11.2022,eetridgen9@mtv.com,Male,Water - Spring 1.5lit,61,51.98,Évry
839,Gray Wabey,24.03.2023,gwabeyna@wordpress.org,Male,Pepper - Roasted Red,29,6.99,Likiep
840,Jory Welch,08.03.2023,jwelchnb@businessweek.com,Male,Goulash Seasoning,3,51.54,Donglai
841,Bernete Wegman,24.11.2022,bwegmannc@nhs.uk,Female,Rappini - Andy Boy,90,46.82,Orurillo
842,Brooks Mullane,26.06.2023,bmullanend@cbslocal.com,Male,Mountain Dew,25,39.68,Tervel
843,Sheffield Tocknell,07.02.2023,stocknellne@homestead.com,Male,"Beans - Navy, Dry",57,3.62,Yangxunqiao
844,Helaine Maffezzoli,06.05.2023,hmaffezzolinf@bloglines.com,Female,Milk - Skim,34,79.69,Karasuk
845,Natal Tibbetts,26.12.2022,ntibbettsng@uiuc.edu,Male,Garbage Bags - Clear,51,40.31,Tallahassee
846,Husain Dalli,28.08.2023,hdallinh@usda.gov,Male,Cheese - Cambozola,70,45.87,Rostock
847,Nadiya Tingey,03.03.2023,ntingeyni@berkeley.edu,Female,Syrup - Chocolate,100,4.06,Santiago de los Caballeros
848,Brietta Biggans,07.03.2023,bbiggansnj@nps.gov,Female,Truffle Cups - Brown,11,92.1,Thaba Nchu
849,Agna Plumridege,13.12.2022,aplumridegenk@slideshare.net,Female,Beer - Heinekin,73,92.87,Lianyuan
850,Roxana Dewberry,07.05.2023,rdewberrynl@unblog.fr,Female,Muffin Chocolate Individual Wrap,30,41.4,Caucaguita
851,Licha Strass,13.02.2023,lstrassnm@istockphoto.com,Female,Lamb - Loin Chops,3,1.91,Yutsa
852,Giselbert Howatt,21.01.2023,ghowattnn@scientificamerican.com,Male,Fondant - Icing,4,87.68,Karak
853,Ruperta Southwell,14.10.2023,rsouthwellno@forbes.com,Agender,"Nestea - Ice Tea, Diet",100,75.55,Ancenis
854,Benedikt Jahner,17.10.2023,bjahnernp@baidu.com,Male,Tea - Herbal I Love Lemon,68,4.99,Yuantan
855,Phillipe Vondruska,19.05.2023,pvondruskanq@aboutads.info,Polygender,Buttons,83,4.84,Utena
856,Jefferey Dudek,14.09.2023,jdudeknr@myspace.com,Male,Eel Fresh,23,69.83,Galtek
857,Paulette Ingall,16.06.2023,pingallns@wp.com,Female,Kahlua,3,70.84,Gorzów Śląski
858,Ollie Dagnan,21.01.2023,odagnannt@themeforest.net,Male,Pepper - Orange,13,53.97,Portela
859,Matthus Tolchard,23.05.2023,mtolchardnu@japanpost.jp,Male,Tomatoes - Cherry,45,98.74,Rakitovo
860,Richardo Coxon,10.08.2023,rcoxonnv@amazon.co.uk,Male,"Coke - Classic, 355 Ml",44,93.31,Velingrad
861,Egan Beech,30.12.2022,ebeechnw@php.net,Male,"Veal - Insides, Grains",75,84.71,Moorreesburg
862,Heather Lethibridge,26.12.2022,hlethibridgenx@earthlink.net,Female,Muffin - Blueberry Individual,16,33.51,Shimokizukuri
863,Fania Ingall,24.12.2022,fingallny@xing.com,Female,Lobster - Tail 6 Oz,63,41.47,Al ‘Āliyah
864,Sheryl Glamart,23.04.2023,sglamartnz@123-reg.co.uk,Female,"Pasta - Fett Alfredo, Single Serve",53,30.87,Nanmuping
865,Lanette Mapstone,24.05.2023,lmapstoneo0@webs.com,Agender,Cape Capensis - Fillet,19,50.69,Grand Rapids
866,Cherin Petche,10.10.2023,cpetcheo1@cbslocal.com,Female,Cake - Lemon Chiffon,72,24.86,Nizhniy Bestyakh
867,Taddeusz Dionsetti,08.07.2023,tdionsettio2@intel.com,Male,Wine - Ruffino Chianti,57,95.07,T’azagyugh
868,Delainey Fenix,25.03.2023,dfenixo3@cafepress.com,Male,"Beef - Rouladin, Sliced",63,28.81,Alingsås
869,Marcela Cozby,22.06.2023,mcozbyo4@163.com,Polygender,"Bread - Crumbs, Bulk",94,77.14,Gampola
870,Brenden Comi,01.12.2022,bcomio5@icio.us,Male,Veal - Insides Provini,11,76.63,Baiyang
871,Leslie Lecointe,30.07.2023,llecointeo6@miibeian.gov.cn,Male,Clams - Bay,31,94.43,Huamachuco
872,Urban Lissandri,22.07.2023,ulissandrio7@theatlantic.com,Male,Trout Rainbow Whole,30,82.43,Headlands
873,Anabal Jukes,23.01.2023,ajukeso8@ezinearticles.com,Female,Glycerine,7,2.65,Camiling
874,Cosmo Neillans,04.05.2023,cneillanso9@privacy.gov.au,Male,Blouse / Shirt / Sweater,74,88.54,Talghar
875,Marylynne Pulhoster,06.05.2023,mpulhosteroa@biglobe.ne.jp,Female,Filter - Coffee,10,67.74,Tlogocilik
876,Tarrah Greiswood,06.12.2022,tgreiswoodob@friendfeed.com,Female,Cheese - Cheddar With Claret,77,94.3,Purwosari
877,Sean Gothup,20.10.2023,sgothupoc@gov.uk,Male,Wine - Sake,20,39.4,Datong
878,Crystie Keri,27.05.2023,ckeriod@nih.gov,Female,V8 - Tropical Blend,55,13.17,Buôn Trấp
879,Ruperta Ciottoi,03.04.2023,rciottoioe@paginegialle.it,Female,"Pepper - White, Whole",54,76.9,Petropavlivka
880,Ganny Skinn,03.05.2023,gskinnof@nationalgeographic.com,Male,Icecream - Dibs,18,81.33,Jingguan
881,Towney Arnould,26.10.2023,tarnouldog@time.com,Male,"Cod - Salted, Boneless",13,2.32,Olbramovice
882,Kelila Hedgeman,30.04.2023,khedgemanoh@tamu.edu,Female,Vodka - Moskovskaya,8,9.09,Mēga
883,Lucinda Craw,23.05.2023,lcrawoi@samsung.com,Female,Whmis - Spray Bottle Trigger,39,83.07,Muranovo
884,Wait Levison,15.07.2023,wlevisonoj@usatoday.com,Male,Wine - Dubouef Macon - Villages,67,5.67,Reims
885,Susi Lewisham,22.10.2023,slewishamok@usnews.com,Female,Maintenance Removal Charge,26,38.55,Ikang
886,Reggy Boorer,10.08.2023,rboorerol@gov.uk,Male,Vinegar - Tarragon,28,61.7,Tabira
887,Thekla Le Sieur,01.08.2023,tleom@theglobeandmail.com,Female,Slt - Individual Portions,42,59.04,Penja
888,Arden Carryer,07.03.2023,acarryeron@fotki.com,Female,Contreau,40,8.26,Lyon
889,Simmonds Noar,15.10.2023,snoaroo@ehow.com,Male,"Nut - Walnut, Chopped",38,3.95,Sabang
890,Hervey Sexon,24.05.2023,hsexonop@aboutads.info,Male,Wine - Chateau Aqueria Tavel,38,27.95,Bielawa
891,Harcourt Hulland,16.07.2023,hhullandoq@un.org,Male,Flour - Semolina,10,83.04,Dvurechensk
892,Sonny Hovenden,01.09.2023,shovendenor@sakura.ne.jp,Male,Rosemary - Fresh,24,30.35,Dolna Banya
893,Lefty Ballard,23.05.2023,lballardos@arstechnica.com,Male,Flounder - Fresh,7,91.47,Palanit
894,Ibbie Terrington,22.12.2022,iterringtonot@skype.com,Bigender,Longan,24,51.58,San Fernando del Valle de Catamarca
895,Marney Eisikowitz,17.11.2022,meisikowitzou@shop-pro.jp,Female,"Rum - Light, Captain Morgan",82,76.17,Sidrolândia
896,Mirabelle McQuin,16.02.2023,mmcquinov@addtoany.com,Female,Beets - Mini Golden,33,14.36,Newmarket
897,Abbye Gravie,01.02.2023,agravieow@stumbleupon.com,Female,Foie Gras,58,78.86,Piedecuesta
898,Carlita Carverhill,15.07.2023,ccarverhillox@sun.com,Female,Paste - Black Olive,97,83.74,Longzhouwan
899,Minna Bampkin,18.03.2023,mbampkinoy@so-net.ne.jp,Female,"Pasta - Fettuccine, Dry",98,6.33,Santa Helena
900,Stefanie MacInnes,22.08.2023,smacinnesoz@hao123.com,Female,"Pork - Tenderloin, Frozen",1,26.26,Rungis
901,Hollie Archambault,19.10.2023,harchambaultp0@amazon.co.uk,Genderfluid,Ham - Procutinni,70,42.63,Indianapolis
902,Kaitlynn Inde,04.05.2023,kindep1@npr.org,Polygender,Beets - Pickled,26,70.95,Zhutuo
903,Lusa Aldhouse,16.08.2023,laldhousep2@columbia.edu,Female,Soho Lychee Liqueur,14,90.36,Prakhon Chai
904,Myrle Ardy,08.06.2023,mardyp3@yellowpages.com,Polygender,"Bread - White, Unsliced",65,5.87,Xiaoxiang
905,Josh Bengall,19.10.2023,jbengallp4@1und1.de,Male,"Nut - Almond, Blanched, Whole",88,61.29,Yongqin
906,Yancey Tedahl,14.05.2023,ytedahlp5@archive.org,Male,Crackers - Melba Toast,14,58.85,Shagonar
907,Fey Farlane,17.04.2023,ffarlanep6@seesaa.net,Polygender,Bread - French Baquette,27,40.19,Pekuwon
908,Stevy Eggar,07.09.2023,seggarp7@dyndns.org,Male,Herb Du Provence - Primerba,40,57.28,Tegalgede
909,Jenica Bodham,07.03.2023,jbodhamp8@sciencedaily.com,Female,"Roe - Lump Fish, Red",5,92.7,Solna
910,Werner Davidai,22.03.2023,wdavidaip9@msn.com,Male,"Stock - Veal, White",18,53.09,Huanghe
911,Chancey Dell 'Orto,30.10.2023,cdellpa@scribd.com,Male,Trueblue - Blueberry,68,60.68,San Isidro
912,Suzanne Merrall,31.03.2023,smerrallpb@scientificamerican.com,Female,"Beans - Kidney, Canned",55,74.95,Khalopyenichy
913,Tomkin Applegate,31.01.2023,tapplegatepc@rambler.ru,Male,Crab - Meat,84,20.18,Quitilipi
914,Asa Pollen,03.12.2022,apollenpd@dedecms.com,Male,Lobak,10,90.18,Gostyń
915,Jessamyn Ducaen,28.11.2022,jducaenpe@weibo.com,Female,Appetizer - Cheese Bites,95,2.97,Manila
916,Damita Horrod,03.02.2023,dhorrodpf@vinaora.com,Female,Dry Ice,7,75.13,Rybache
917,Jocelyn Boissier,07.10.2023,jboissierpg@toplist.cz,Female,Yogurt - Plain,28,65.34,Krzęcin
918,Wilone Faulds,21.06.2023,wfauldsph@businessinsider.com,Female,Cookies - Amaretto,17,48.92,Kōnosu
919,Giuseppe Geekie,18.01.2023,ggeekiepi@blogs.com,Male,Island Oasis - Ice Cream Mix,2,35.55,Doumen
920,Florentia Danser,12.12.2022,fdanserpj@engadget.com,Female,Cheese - Mascarpone,87,55.89,Buliu
921,Gillie Soden,31.03.2023,gsodenpk@over-blog.com,Female,"Wine - White, Lindemans Bin 95",61,46.58,Ban Phan Don
922,Karel Bottom,19.02.2023,kbottompl@fc2.com,Male,Garbage Bags - Clear,45,43.3,Mazatenango
923,Elsa McGuinley,11.07.2023,emcguinleypm@imdb.com,Female,Onions Granulated,43,70.28,Kapakabisa
924,Mace Gwynne,14.02.2023,mgwynnepn@sfgate.com,Male,Beans - Fine,7,82.42,Ban Houakhoua
925,Corbet Cohalan,01.03.2023,ccohalanpo@netlog.com,Male,Bag Clear 10 Lb,37,96.35,Ikang
926,Marsh Stoter,11.08.2023,mstoterpp@dailymotion.com,Male,Pomello,70,31.7,Casuguran
927,Jamaal Haskell,22.05.2023,jhaskellpq@ycombinator.com,Male,Veal - Nuckle,68,56.1,Tanggul Wetan
928,Averill Sones,23.06.2023,asonespr@51.la,Male,"Juice - Tomato, 10 Oz",85,14.91,Thames
929,Dunn Aucourte,20.05.2023,daucourteps@ustream.tv,Male,Milk - 2% 250 Ml,3,61.31,Lamak
930,Barde Lacasa,19.10.2023,blacasapt@oaic.gov.au,Male,Grapes - Green,63,4.54,Ya’erya
931,Rollins Cobbe,05.03.2023,rcobbepu@admin.ch,Male,"Pepper - Red, Finger Hot",48,15.02,Minien East
932,Ailbert Koschek,13.05.2023,akoschekpv@alibaba.com,Male,Stock - Fish,69,74.48,Jelisavac
933,Menard Grevatt,11.08.2023,mgrevattpw@skype.com,Male,Vegetable - Base,40,90.32,Fengkou
934,Brenden Raeside,26.10.2023,braesidepx@ft.com,Male,"Juice - Cranberry, 341 Ml",44,60.43,Yanmenguan
935,Cirilo Gutierrez,13.08.2023,cgutierrezpy@mysql.com,Male,Wine - Vidal Icewine Magnotta,43,15.79,Baquero Norte
936,Lovell Dorran,19.06.2023,ldorranpz@goo.ne.jp,Male,Sauce - Soy Low Sodium - 3.87l,27,24.99,Goundi
937,Gabbie Hansod,20.02.2023,ghansodq0@kickstarter.com,Male,"Beef - Bones, Marrow",89,43.24,Kotabumi
938,Doro Cornner,21.11.2022,dcornnerq1@businessweek.com,Female,Sauce - Mint,50,43.95,Joconal
939,Genny Fried,25.07.2023,gfriedq2@buzzfeed.com,Genderfluid,Soup - Cream Of Potato / Leek,46,54.18,Khao Yoi
940,Margery Greenless,07.12.2022,mgreenlessq3@mapy.cz,Bigender,Amaretto,88,86.68,El Paso
941,Scott Olexa,19.05.2023,solexaq4@yolasite.com,Male,Cake - Lemon Chiffon,10,99.52,Puerto Montt
942,Monro Van't Hoff,20.08.2023,mvantq5@histats.com,Agender,Icecream - Dstk Super Cone,30,91.42,Giade
943,Bartholemy Whelband,14.11.2022,bwhelbandq6@dot.gov,Male,Samosa - Veg,6,49.76,Donostia-San Sebastian
944,Dickie Sedge,27.06.2023,dsedgeq7@addtoany.com,Male,Wine - George Duboeuf Rose,63,14.78,Rantaupanjangkiri
945,Marvin Extall,14.09.2023,mextallq8@aol.com,Male,Canadian Emmenthal,27,59.97,An Châu
946,Madelin Millsom,28.05.2023,mmillsomq9@ox.ac.uk,Female,Cheese - Victor Et Berthold,45,99.03,Mouhijärvi
947,Katlin Howells,25.12.2022,khowellsqa@flickr.com,Female,Chicken Breast Wing On,53,5.54,Novi Sad
948,Hoyt Chalke,11.02.2023,hchalkeqb@cornell.edu,Male,Veal - Insides Provini,82,34.62,Al ‘Aqabah
949,Horatia Lavery,29.11.2022,hlaveryqc@mashable.com,Female,Cognac - Courvaisier,27,12.63,Jinsha
950,Austina Auchterlony,02.11.2023,aauchterlonyqd@g.co,Female,"Cheese - Cheddar, Mild",17,78.7,Grygov
951,Gerrard Bagguley,26.02.2023,gbagguleyqe@jimdo.com,Male,"Juice - Grapefruit, 341 Ml",67,52.42,Guali
952,Grayce Laux,31.08.2023,glauxqf@miitbeian.gov.cn,Female,Lighter - Bbq,83,88.3,Ambatolaona
953,Sonnie McMackin,01.04.2023,smcmackinqg@wunderground.com,Male,Garlic,63,63.37,Yashikera
954,Dionisio Gierhard,01.05.2023,dgierhardqh@bizjournals.com,Polygender,Coffee - Frthy Coffee Crisp,29,17.43,Horad Krychaw
955,Dal Jenno,04.12.2022,djennoqi@marriott.com,Male,Waffle Stix,87,23.4,Agrela
956,Cymbre Rumin,23.03.2023,cruminqj@reverbnation.com,Female,Appetizer - Chicken Satay,2,11.64,Bayawan
957,Brit Broseman,22.12.2022,bbrosemanqk@bloglines.com,Female,Swordfish Loin Portions,25,27.98,Trần Văn Thời
958,Jany Tyas,29.01.2023,jtyasql@symantec.com,Female,Flower - Commercial Spider,46,68.5,Krajan Sumurtawang
959,Cristian Djokovic,24.03.2023,cdjokovicqm@bandcamp.com,Male,Ezy Change Mophandle,93,72.18,Rockford
960,August Kliche,25.06.2023,aklicheqn@elegantthemes.com,Male,"Lamb - Whole, Fresh",91,37.06,Ribeirão
961,Anderea Marlowe,05.11.2023,amarloweqo@illinois.edu,Female,Lobster - Canned Premium,37,66.59,Huskvarna
962,Isaiah Blondel,06.11.2022,iblondelqp@opera.com,Male,Broom And Brush Rack Black,3,67.14,Afonsoeiro
963,Lydon Hischke,30.10.2023,lhischkeqq@cisco.com,Male,Bread - Kimel Stick Poly,74,41.78,Shuikou
964,Obidiah Daulton,11.01.2023,odaultonqr@washingtonpost.com,Male,"Jam - Blackberry, 20 Ml Jar",24,50.13,Muarabadak
965,Randell Morehall,29.12.2022,rmorehallqs@amazon.com,Male,Apples - Sliced / Wedge,33,50.62,Zhangcheng
966,Oralee Flexman,23.11.2022,oflexmanqt@amazon.co.jp,Female,Oyster - In Shell,5,25.73,Brudzew
967,Wylma McHardy,28.12.2022,wmchardyqu@tripod.com,Female,Pepper - Red Bell,70,54.38,Gävle
968,Burch Blaksley,22.06.2023,bblaksleyqv@free.fr,Male,"Wine - Red, Metus Rose",42,24.45,Yartsevo
969,Rourke Antoney,23.04.2023,rantoneyqw@bbb.org,Male,Appetizer - Mushroom Tart,98,53.73,El Cairo
970,Morty Euston,29.12.2022,meustonqx@nydailynews.com,Male,"Pork - Bacon, Double Smoked",21,96.83,El Calvario
971,Babbie Danilin,12.11.2022,bdanilinqy@nyu.edu,Female,Paste - Black Olive,62,98.55,Fuchun
972,Luciano Stevings,04.05.2023,lstevingsqz@shutterfly.com,Male,Cookies Cereal Nut,82,26.56,Illéla
973,Drake Normanville,13.10.2023,dnormanviller0@sciencedirect.com,Male,Soup Knorr Chili With Beans,93,11.93,Dolavón
974,Torrence Del Castello,30.03.2023,tdelr1@census.gov,Male,"Beef - Bones, Marrow",38,42.37,Chişinău
975,Pamella Speck,16.10.2023,pspeckr2@washington.edu,Female,"Nut - Hazelnut, Ground, Natural",6,20.14,Edéa
976,Dorita Ruffell,04.11.2023,druffellr3@tripod.com,Female,Egg Patty Fried,9,80.59,Koga
977,Elenore Mallows,31.07.2023,emallowsr4@un.org,Female,"Artichoke - Hearts, Canned",78,21.3,Biloxi
978,Sharl McVane,12.01.2023,smcvaner5@whitehouse.gov,Female,Nutmeg - Ground,14,27.88,Bergen
979,Trista Lowdham,03.06.2023,tlowdhamr6@hatena.ne.jp,Female,Soup - Cream Of Potato / Leek,28,43.36,Jiulong
980,Truda Magowan,17.05.2023,tmagowanr7@imageshack.us,Female,Chivas Regal - 12 Year Old,45,19.36,Sol’-Iletsk
981,Hephzibah Stook,04.05.2023,hstookr8@usnews.com,Female,Asparagus - Mexican,84,46.51,Koumra
982,Wayland Adcock,15.07.2023,wadcockr9@wikispaces.com,Male,Kellogs Cereal In A Cup,8,48.06,Skärholmen
983,Joaquin Huckel,16.06.2023,jhuckelra@upenn.edu,Male,Water - Evian 355 Ml,42,99.33,Shazhenxi
984,Nicolea Rimbault,02.10.2023,nrimbaultrb@fotki.com,Female,Sauce - Sesame Thai Dressing,18,3.93,Bantarsari Kulon
985,Andras Lots,23.03.2023,alotsrc@amazonaws.com,Male,Sprouts - Corn,62,78.23,Gumdag
986,Amalie McGonnell,04.06.2023,amcgonnellrd@pbs.org,Female,Smoked Paprika,28,45.15,Karlobag
987,Charlean Petrashkov,05.05.2023,cpetrashkovre@earthlink.net,Female,"Basil - Primerba, Paste",37,9.13,Sathing Phra
988,Dacia Reinhardt,16.11.2022,dreinhardtrf@seesaa.net,Female,Neckerchief Blck,26,44.84,Gananoque
989,Aggi O'Feeny,10.06.2023,aofeenyrg@unicef.org,Female,"Rum - Light, Captain Morgan",54,46.65,Oncativo
990,Ciro Stonner,16.03.2023,cstonnerrh@tripadvisor.com,Male,"Roe - Lump Fish, Black",29,91.06,Otterburn Park
991,Lauretta Espadater,26.07.2023,lespadaterri@jimdo.com,Female,Pie Filling - Apple,69,18.66,Boudinar
992,Bear Rignall,24.08.2023,brignallrj@youtu.be,Male,Lobster - Live,12,89.65,Falënki
993,Tanny Ollivier,01.08.2023,tollivierrk@webeden.co.uk,Male,Kirsch - Schloss,54,35.36,Oslo
994,Wiley Fallon,15.08.2023,wfallonrl@smh.com.au,Male,"Lemonade - Black Cherry, 591 Ml",42,41.18,Xiakou
995,Worthington Gavini,07.04.2023,wgavinirm@marriott.com,Male,"Coconut - Shredded, Unsweet",9,84.27,Anjozorobe
996,Horst Shoesmith,12.04.2023,hshoesmithrn@examiner.com,Bigender,Ice Cream - Strawberry,23,6.91,Baiyashi
997,Hi Adnett,30.03.2023,hadnettro@lulu.com,Male,Vinegar - Raspberry,47,22.66,Quinchía
998,Alphonse Mulholland,07.05.2023,amulhollandrp@symantec.com,Male,"Potatoes - Purple, Organic",39,72.85,Naviraí
999,Norry Cogzell,06.07.2023,ncogzellrq@sohu.com,Male,Sambuca - Ramazzotti,73,67.79,Bakersfield
1000,Letty Lalor,25.04.2023,llalorrr@tuttocitta.it,Female,Ginger - Fresh,72,65.75,Hualin
